name,team_name,game_date,season,espn_player_id,team_id,espn_game_id,period,minutes_remaining,seconds_remaining,shot_made_flag,action_type,shot_type,shot_distance,opponent,x,y,dribbles,touch_time,defender_name,defender_distance,shot_clock
"DeAndre Jordan","LA Clippers",2017-12-13,2017,3442,1610612746,400975156,1,1,53,1,"Alley Oop Dunk Shot","2PT Field Goal",1,"Orlando Magic",-1,18,0,0.00,,0.00,0.00
"DeAndre Jordan","LA Clippers",2017-12-03,2017,3442,1610612746,400975087,2,2,09,1,"Alley Oop Dunk Shot","2PT Field Goal",1,"Minnesota Timberwolves",3,17,0,0.00,,0.00,0.00
"DeAndre Jordan","LA Clippers",2017-12-03,2017,3442,1610612746,400975087,4,3,25,1,"Alley Oop Dunk Shot","2PT Field Goal",1,"Minnesota Timberwolves",1,14,0,0.00,,0.00,0.00
"DeAndre Jordan","LA Clippers",2017-12-03,2017,3442,1610612746,400975087,2,8,06,1,"Alley Oop Dunk Shot","2PT Field Goal",1,"Minnesota Timberwolves",8,16,0,0.00,,0.00,0.00
"DeAndre Jordan","LA Clippers",2017-12-13,2017,3442,1610612746,400975156,3,1,54,1,"Alley Oop Dunk Shot","2PT Field Goal",1,"Orlando Magic",1,13,0,0.00,,0.00,0.00
"DeAndre Jordan","LA Clippers",2018-03-20,2017,3442,1610612746,400975806,2,3,57,1,"Alley Oop Dunk Shot","2PT Field Goal",0,"Minnesota Timberwolves",-1,0,0,0.00,,0.00,0.00
"DeAndre Jordan","LA Clippers",2018-03-20,2017,3442,1610612746,400975806,1,1,03,1,"Alley Oop Dunk Shot","2PT Field Goal",1,"Minnesota Timberwolves",2,10,0,0.00,,0.00,0.00
"DeAndre Jordan","LA Clippers",2017-11-27,2017,3442,1610612746,400975048,1,9,45,1,"Alley Oop Dunk Shot","2PT Field Goal",2,"Los Angeles Lakers",8,25,0,0.00,,0.00,0.00
"DeAndre Jordan","LA Clippers",2017-10-21,2017,3442,1610612746,400974788,2,8,04,1,"Alley Oop Dunk Shot","2PT Field Goal",1,"Phoenix Suns",-11,5,0,0.00,,0.00,0.00
"DeAndre Jordan","LA Clippers",2017-11-05,2017,3442,1610612746,400974888,1,3,26,0,"Alley Oop Dunk Shot","2PT Field Goal",1,"Miami Heat",3,16,0,0.00,,0.00,0.00
"DeAndre Jordan","LA Clippers",2017-11-20,2017,3442,1610612746,400974996,3,7,44,1,"Alley Oop Dunk Shot","2PT Field Goal",1,"New York Knicks",3,17,0,0.00,,0.00,0.00
"DeAndre Jordan","LA Clippers",2017-11-20,2017,3442,1610612746,400974996,2,1,02,0,"Alley Oop Dunk Shot","2PT Field Goal",2,"New York Knicks",9,21,0,0.00,,0.00,0.00
"DeAndre Jordan","LA Clippers",2017-12-22,2017,3442,1610612746,400975226,2,4,54,1,"Alley Oop Dunk Shot","2PT Field Goal",0,"Houston Rockets",-3,0,0,0.00,,0.00,0.00
"DeAndre Jordan","LA Clippers",2017-12-22,2017,3442,1610612746,400975226,1,10,33,1,"Alley Oop Dunk Shot","2PT Field Goal",0,"Houston Rockets",-3,1,0,0.00,,0.00,0.00
"DeAndre Jordan","LA Clippers",2018-04-05,2017,3442,1610612746,400975925,1,4,01,1,"Alley Oop Dunk Shot","2PT Field Goal",3,"Utah Jazz",23,21,0,0.00,,0.00,0.00
"DeAndre Jordan","LA Clippers",2018-04-05,2017,3442,1610612746,400975925,1,4,51,1,"Alley Oop Dunk Shot","2PT Field Goal",1,"Utah Jazz",-9,13,0,0.00,,0.00,0.00
"DeAndre Jordan","LA Clippers",2018-03-21,2017,3442,1610612746,0,1,1,06,1,"Alley Oop Dunk Shot","2PT Field Goal",1,"Milwaukee Bucks",-4,14,0,0.00,,0.00,0.00
"DeAndre Jordan","LA Clippers",2017-12-29,2017,3442,1610612746,400975275,3,2,25,1,"Alley Oop Dunk Shot","2PT Field Goal",2,"Los Angeles Lakers",1,20,0,0.00,,0.00,0.00
"DeAndre Jordan","LA Clippers",2017-12-29,2017,3442,1610612746,400975275,3,6,10,1,"Alley Oop Dunk Shot","2PT Field Goal",2,"Los Angeles Lakers",16,24,0,0.00,,0.00,0.00
"DeAndre Jordan","LA Clippers",2017-12-29,2017,3442,1610612746,400975275,3,3,57,0,"Alley Oop Dunk Shot","2PT Field Goal",3,"Los Angeles Lakers",18,27,0,0.00,,0.00,0.00
"DeAndre Jordan","LA Clippers",2017-12-29,2017,3442,1610612746,400975275,2,7,12,1,"Alley Oop Dunk Shot","2PT Field Goal",2,"Los Angeles Lakers",-7,20,0,0.00,,0.00,0.00
"DeAndre Jordan","LA Clippers",2018-04-05,2017,3442,1610612746,400975925,3,7,32,1,"Alley Oop Dunk Shot","2PT Field Goal",2,"Utah Jazz",-11,23,0,0.00,,0.00,0.00
"DeAndre Jordan","LA Clippers",2018-01-24,2017,3442,1610612746,400975455,1,5,00,1,"Alley Oop Dunk Shot","2PT Field Goal",1,"Boston Celtics",4,11,0,0.00,,0.00,0.00
"DeAndre Jordan","LA Clippers",2018-01-24,2017,3442,1610612746,400975455,2,3,20,1,"Alley Oop Dunk Shot","2PT Field Goal",1,"Boston Celtics",-2,17,0,0.00,,0.00,0.00
"DeAndre Jordan","LA Clippers",2017-12-13,2017,3442,1610612746,400975156,4,5,16,1,"Alley Oop Dunk Shot","2PT Field Goal",2,"Orlando Magic",-3,22,0,0.00,,0.00,0.00
"DeAndre Jordan","LA Clippers",2017-12-13,2017,3442,1610612746,400975156,2,2,52,1,"Alley Oop Dunk Shot","2PT Field Goal",3,"Orlando Magic",4,32,0,0.00,,0.00,0.00
"DeAndre Jordan","LA Clippers",2018-03-02,2017,3442,1610612746,400975681,2,7,00,1,"Alley Oop Dunk Shot","2PT Field Goal",0,"New York Knicks",-3,1,0,0.00,,0.00,0.00
"DeAndre Jordan","LA Clippers",2018-03-02,2017,3442,1610612746,400975681,3,5,03,1,"Alley Oop Dunk Shot","2PT Field Goal",0,"New York Knicks",-1,1,0,0.00,,0.00,0.00
"DeAndre Jordan","LA Clippers",2018-03-21,2017,3442,1610612746,0,1,5,14,0,"Alley Oop Dunk Shot","2PT Field Goal",2,"Milwaukee Bucks",11,25,0,0.00,,0.00,0.00
"DeAndre Jordan","LA Clippers",2017-10-30,2017,3442,1610612746,400974851,2,11,34,1,"Alley Oop Dunk Shot","2PT Field Goal",1,"Golden State Warriors",16,5,0,0.00,,0.00,0.00
"DeAndre Jordan","LA Clippers",2017-10-30,2017,3442,1610612746,400974851,2,5,15,1,"Alley Oop Dunk Shot","2PT Field Goal",2,"Golden State Warriors",9,19,0,0.00,,0.00,0.00
"DeAndre Jordan","LA Clippers",2017-11-07,2017,3442,1610612746,400974905,4,3,33,1,"Alley Oop Dunk Shot","2PT Field Goal",2,"San Antonio Spurs",26,5,0,0.00,,0.00,0.00
"DeAndre Jordan","LA Clippers",2017-11-07,2017,3442,1610612746,400974905,1,6,15,1,"Alley Oop Dunk Shot","2PT Field Goal",2,"San Antonio Spurs",-8,22,0,0.00,,0.00,0.00
"DeAndre Jordan","LA Clippers",2018-01-08,2017,3442,1610612746,400975344,2,7,06,1,"Alley Oop Dunk Shot","2PT Field Goal",1,"Atlanta Hawks",-3,12,0,0.00,,0.00,0.00
"DeAndre Jordan","LA Clippers",2017-12-31,2017,0,1610612746,0,1,4,27,0,"Alley Oop Dunk Shot","2PT Field Goal",1,"Charlotte Hornets",-9,15,0,0.00,,0.00,0.00
"DeAndre Jordan","LA Clippers",2017-12-06,2017,3442,1610612746,400975113,4,5,45,1,"Alley Oop Dunk Shot","2PT Field Goal",1,"Minnesota Timberwolves",13,8,0,0.00,,0.00,0.00
"DeAndre Jordan","LA Clippers",2017-12-06,2017,3442,1610612746,400975113,1,6,05,1,"Alley Oop Dunk Shot","2PT Field Goal",1,"Minnesota Timberwolves",-6,11,0,0.00,,0.00,0.00
"DeAndre Jordan","LA Clippers",2017-12-06,2017,3442,1610612746,400975113,1,3,25,1,"Alley Oop Dunk Shot","2PT Field Goal",1,"Minnesota Timberwolves",8,11,0,0.00,,0.00,0.00
"DeAndre Jordan","LA Clippers",2018-03-30,2017,3442,1610612746,400975883,1,6,23,1,"Alley Oop Dunk Shot","2PT Field Goal",0,"Portland Trail Blazers",5,1,0,0.00,,0.00,0.00
"DeAndre Jordan","LA Clippers",2018-03-30,2017,3442,1610612746,400975883,1,4,26,1,"Alley Oop Dunk Shot","2PT Field Goal",0,"Portland Trail Blazers",0,1,0,0.00,,0.00,0.00
"DeAndre Jordan","LA Clippers",2017-11-17,2017,3442,1610612746,400974971,2,4,16,1,"Alley Oop Dunk Shot","2PT Field Goal",0,"Cleveland Cavaliers",3,-6,0,0.00,,0.00,0.00
"DeAndre Jordan","LA Clippers",2017-11-17,2017,3442,1610612746,400974971,5,0,01,1,"Alley Oop Dunk Shot","2PT Field Goal",5,"Cleveland Cavaliers",-51,2,0,0.00,,0.00,0.00
"DeAndre Jordan","LA Clippers",2017-11-17,2017,3442,1610612746,400974971,1,2,00,1,"Alley Oop Dunk Shot","2PT Field Goal",0,"Cleveland Cavaliers",0,1,0,0.00,,0.00,0.00
"DeAndre Jordan","LA Clippers",2017-11-18,2017,3442,1610612746,400974979,3,6,30,1,"Alley Oop Dunk Shot","2PT Field Goal",0,"Charlotte Hornets",-3,7,0,0.00,,0.00,0.00
"DeAndre Jordan","LA Clippers",2017-12-23,2017,3442,1610612746,400975238,3,5,14,1,"Alley Oop Dunk Shot","2PT Field Goal",0,"Memphis Grizzlies",1,0,0,0.00,,0.00,0.00
"DeAndre Jordan","LA Clippers",2017-11-22,2017,3442,1610612746,400975007,2,3,20,1,"Alley Oop Dunk Shot","2PT Field Goal",1,"Atlanta Hawks",-6,8,0,0.00,,0.00,0.00
"DeAndre Jordan","LA Clippers",2017-10-26,2017,3442,1610612746,400974819,2,3,45,1,"Alley Oop Dunk Shot","2PT Field Goal",2,"Portland Trail Blazers",2,22,0,0.00,,0.00,0.00
"DeAndre Jordan","LA Clippers",2017-11-01,2017,3442,1610612746,400974867,3,3,49,0,"Alley Oop Dunk Shot","2PT Field Goal",1,"Dallas Mavericks",5,11,0,0.00,,0.00,0.00
"DeAndre Jordan","LA Clippers",2017-11-10,2017,3442,1610612746,400974923,4,4,30,1,"Alley Oop Dunk Shot","2PT Field Goal",0,"Oklahoma City Thunder",5,3,0,0.00,,0.00,0.00
"DeAndre Jordan","LA Clippers",2017-11-10,2017,3442,1610612746,400974923,3,5,23,1,"Alley Oop Dunk Shot","2PT Field Goal",0,"Oklahoma City Thunder",2,5,0,0.00,,0.00,0.00
"DeAndre Jordan","LA Clippers",2018-02-10,2017,3442,1610612746,400975574,2,3,42,0,"Alley Oop Dunk Shot","2PT Field Goal",2,"Philadelphia 76ers",-20,4,0,0.00,,0.00,0.00
"DeAndre Jordan","LA Clippers",2018-02-10,2017,3442,1610612746,400975574,4,10,06,1,"Alley Oop Dunk Shot","2PT Field Goal",0,"Philadelphia 76ers",-4,9,0,0.00,,0.00,0.00
"DeAndre Jordan","LA Clippers",2018-01-02,2017,3442,1610612746,400975299,1,1,34,1,"Alley Oop Dunk Shot","2PT Field Goal",1,"Memphis Grizzlies",1,11,0,0.00,,0.00,0.00
"DeAndre Jordan","LA Clippers",2017-11-18,2017,3442,1610612746,400974979,3,10,55,1,"Alley Oop Dunk Shot","2PT Field Goal",1,"Charlotte Hornets",11,7,0,0.00,,0.00,0.00
"DeAndre Jordan","LA Clippers",2018-01-02,2017,3442,1610612746,400975299,1,2,52,1,"Alley Oop Dunk Shot","2PT Field Goal",2,"Memphis Grizzlies",14,24,0,0.00,,0.00,0.00
"DeAndre Jordan","LA Clippers",2018-01-02,2017,3442,1610612746,400975299,2,3,10,1,"Alley Oop Dunk Shot","2PT Field Goal",0,"Memphis Grizzlies",5,4,0,0.00,,0.00,0.00
"DeAndre Jordan","LA Clippers",2017-12-02,2017,3442,1610612746,400975078,3,4,49,1,"Alley Oop Dunk Shot","2PT Field Goal",2,"Dallas Mavericks",-1,21,0,0.00,,0.00,0.00
"DeAndre Jordan","LA Clippers",2018-04-07,2017,3442,1610612746,400975937,3,6,30,1,"Alley Oop Dunk Shot","2PT Field Goal",0,"Denver Nuggets",-7,6,0,0.00,,0.00,0.00
"DeAndre Jordan","LA Clippers",2017-12-09,2017,3442,1610612746,400975126,2,5,14,0,"Alley Oop Dunk Shot","2PT Field Goal",1,"Washington Wizards",0,11,0,0.00,,0.00,0.00
"DeAndre Jordan","LA Clippers",2017-12-26,2017,3442,1610612746,400975251,3,7,38,1,"Alley Oop Dunk Shot","2PT Field Goal",1,"Sacramento Kings",-7,11,0,0.00,,0.00,0.00
"DeAndre Jordan","LA Clippers",2018-01-11,2017,3442,1610612746,400975362,1,11,15,1,"Alley Oop Dunk Shot","2PT Field Goal",1,"Sacramento Kings",2,12,0,0.00,,0.00,0.00
"DeAndre Jordan","LA Clippers",2018-01-11,2017,3442,1610612746,400975362,1,6,21,1,"Alley Oop Dunk Shot","2PT Field Goal",2,"Sacramento Kings",-8,23,0,0.00,,0.00,0.00
"DeAndre Jordan","LA Clippers",2018-01-11,2017,3442,1610612746,400975362,2,5,15,1,"Alley Oop Dunk Shot","2PT Field Goal",2,"Sacramento Kings",-1,20,0,0.00,,0.00,0.00
"DeAndre Jordan","LA Clippers",2018-01-28,2017,3442,1610612746,400975479,2,2,45,1,"Alley Oop Dunk Shot","2PT Field Goal",1,"New Orleans Pelicans",1,13,0,0.00,,0.00,0.00
"DeAndre Jordan","LA Clippers",2017-12-20,2017,3442,1610612746,400975216,1,2,11,1,"Alley Oop Dunk Shot","2PT Field Goal",0,"Phoenix Suns",-1,4,0,0.00,,0.00,0.00
"DeAndre Jordan","LA Clippers",2018-03-16,2017,3442,1610612746,400975778,1,9,45,1,"Alley Oop Dunk Shot","2PT Field Goal",1,"Oklahoma City Thunder",-12,7,0,0.00,,0.00,0.00
"DeAndre Jordan","LA Clippers",2017-12-09,2017,3442,1610612746,400975126,3,4,25,1,"Alley Oop Dunk Shot","2PT Field Goal",0,"Washington Wizards",0,7,0,0.00,,0.00,0.00
"DeAndre Jordan","LA Clippers",2018-02-12,2017,3442,1610612746,400975589,4,2,05,1,"Alley Oop Dunk Shot","2PT Field Goal",2,"Brooklyn Nets",-3,21,0,0.00,,0.00,0.00
"DeAndre Jordan","LA Clippers",2018-02-12,2017,3442,1610612746,400975589,2,0,46,1,"Alley Oop Dunk Shot","2PT Field Goal",1,"Brooklyn Nets",3,17,0,0.00,,0.00,0.00
"DeAndre Jordan","LA Clippers",2018-02-12,2017,3442,1610612746,400975589,1,3,44,1,"Alley Oop Dunk Shot","2PT Field Goal",1,"Brooklyn Nets",6,13,0,0.00,,0.00,0.00
"DeAndre Jordan","LA Clippers",2017-11-25,2017,3442,1610612746,400975037,4,5,15,1,"Alley Oop Dunk Shot","2PT Field Goal",2,"Sacramento Kings",14,20,0,0.00,,0.00,0.00
"DeAndre Jordan","LA Clippers",2018-02-05,2017,3442,1610612746,400975542,1,4,54,0,"Alley Oop Dunk Shot","2PT Field Goal",0,"Dallas Mavericks",-6,4,0,0.00,,0.00,0.00
"DeAndre Jordan","LA Clippers",2018-02-05,2017,3442,1610612746,400975542,1,6,59,1,"Alley Oop Dunk Shot","2PT Field Goal",1,"Dallas Mavericks",7,10,0,0.00,,0.00,0.00
"DeAndre Jordan","LA Clippers",2018-02-05,2017,3442,1610612746,400975542,1,2,27,1,"Alley Oop Dunk Shot","2PT Field Goal",0,"Dallas Mavericks",1,5,0,0.00,,0.00,0.00
"DeAndre Jordan","LA Clippers",2018-02-27,2017,3442,1610612746,400975658,3,11,45,1,"Alley Oop Dunk Shot","2PT Field Goal",1,"Denver Nuggets",-7,15,0,0.00,,0.00,0.00
"DeAndre Jordan","LA Clippers",2018-01-30,2017,3442,1610612746,400975498,2,6,18,1,"Alley Oop Dunk Shot","2PT Field Goal",0,"Portland Trail Blazers",9,2,0,0.00,,0.00,0.00
"DeAndre Jordan","LA Clippers",2018-04-01,2017,3442,1610612746,400975892,1,3,30,1,"Alley Oop Dunk Shot","2PT Field Goal",1,"Indiana Pacers",12,15,0,0.00,,0.00,0.00
"DeAndre Jordan","LA Clippers",2018-02-28,2017,3442,1610612746,400975667,4,8,22,1,"Alley Oop Dunk Shot","2PT Field Goal",3,"Houston Rockets",-28,18,0,0.00,,0.00,0.00
"DeAndre Jordan","LA Clippers",2018-02-28,2017,3442,1610612746,400975667,1,3,43,0,"Alley Oop Dunk Shot","2PT Field Goal",3,"Houston Rockets",5,30,0,0.00,,0.00,0.00
"DeAndre Jordan","LA Clippers",2018-03-27,2017,3442,1610612746,400975861,3,7,30,1,"Alley Oop Dunk Shot","2PT Field Goal",1,"Milwaukee Bucks",-13,11,0,0.00,,0.00,0.00
"DeAndre Jordan","LA Clippers",2018-02-14,2017,3442,1610612746,400975604,3,2,42,1,"Alley Oop Dunk Shot","2PT Field Goal",0,"Boston Celtics",-2,7,0,0.00,,0.00,0.00
"DeAndre Jordan","LA Clippers",2018-04-11,2017,3442,1610612746,400975974,3,11,23,1,"Alley Oop Dunk Shot","2PT Field Goal",0,"Los Angeles Lakers",0,8,0,0.00,,0.00,0.00
"DeAndre Jordan","LA Clippers",2018-02-14,2017,3442,1610612746,400975604,1,1,45,1,"Alley Oop Dunk Shot","2PT Field Goal",1,"Boston Celtics",0,10,0,0.00,,0.00,0.00
"DeAndre Jordan","LA Clippers",2018-02-14,2017,3442,1610612746,400975604,3,6,35,1,"Alley Oop Dunk Shot","2PT Field Goal",0,"Boston Celtics",-1,0,0,0.00,,0.00,0.00
"DeAndre Jordan","LA Clippers",2018-02-14,2017,3442,1610612746,400975604,4,4,05,1,"Alley Oop Dunk Shot","2PT Field Goal",0,"Boston Celtics",-1,2,0,0.00,,0.00,0.00
"DeAndre Jordan","LA Clippers",2018-01-10,2017,3442,1610612746,400975359,1,11,47,1,"Alley Oop Layup shot","2PT Field Goal",1,"Golden State Warriors",2,13,0,0.00,,0.00,0.00
"DeAndre Jordan","LA Clippers",2018-01-30,2017,3442,1610612746,400975498,1,6,13,1,"Alley Oop Layup shot","2PT Field Goal",1,"Portland Trail Blazers",-5,13,0,0.00,,0.00,0.00
"DeAndre Jordan","LA Clippers",2018-01-04,2017,3442,1610612746,400975313,3,3,47,1,"Alley Oop Layup shot","2PT Field Goal",2,"Oklahoma City Thunder",-20,11,0,0.00,,0.00,0.00
"DeAndre Jordan","LA Clippers",2018-04-07,2017,3442,1610612746,400975937,2,7,19,1,"Alley Oop Layup shot","2PT Field Goal",0,"Denver Nuggets",-6,5,0,0.00,,0.00,0.00
"DeAndre Jordan","LA Clippers",2017-12-20,2017,3442,1610612746,400975216,4,1,58,1,"Alley Oop Layup shot","2PT Field Goal",2,"Phoenix Suns",7,27,0,0.00,,0.00,0.00
"DeAndre Jordan","LA Clippers",2018-01-10,2017,3442,1610612746,400975359,1,8,44,1,"Alley Oop Layup shot","2PT Field Goal",0,"Golden State Warriors",1,9,0,0.00,,0.00,0.00
"DeAndre Jordan","LA Clippers",2017-12-09,2017,3442,1610612746,400975126,4,2,37,0,"Alley Oop Layup shot","2PT Field Goal",1,"Washington Wizards",-9,7,0,0.00,,0.00,0.00
"DeAndre Jordan","LA Clippers",2018-03-21,2017,3442,1610612746,0,4,5,09,0,"Alley Oop Layup shot","2PT Field Goal",4,"Milwaukee Bucks",16,39,0,0.00,,0.00,0.00
"DeAndre Jordan","LA Clippers",2017-12-13,2017,3442,1610612746,400975156,3,5,23,0,"Alley Oop Layup shot","2PT Field Goal",3,"Orlando Magic",-16,29,0,0.00,,0.00,0.00
"DeAndre Jordan","LA Clippers",2018-03-21,2017,3442,1610612746,0,1,4,47,1,"Alley Oop Layup shot","2PT Field Goal",1,"Milwaukee Bucks",-9,15,0,0.00,,0.00,0.00
"DeAndre Jordan","LA Clippers",2018-02-09,2017,3442,1610612746,400975563,1,4,40,0,"Alley Oop Layup shot","2PT Field Goal",1,"Detroit Pistons",-4,19,0,0.00,,0.00,0.00
"DeAndre Jordan","LA Clippers",2018-04-03,2017,3442,1610612746,400975914,2,3,10,1,"Alley Oop Layup shot","2PT Field Goal",3,"San Antonio Spurs",-28,15,0,0.00,,0.00,0.00
"DeAndre Jordan","LA Clippers",2018-02-23,2017,3442,1610612746,400975627,3,11,26,0,"Alley Oop Layup shot","2PT Field Goal",1,"Phoenix Suns",-11,11,0,0.00,,0.00,0.00
"DeAndre Jordan","LA Clippers",2017-12-11,2017,3442,1610612746,400975147,2,3,59,1,"Alley Oop Layup shot","2PT Field Goal",1,"Toronto Raptors",-5,11,0,0.00,,0.00,0.00
"DeAndre Jordan","LA Clippers",2018-03-02,2017,3442,1610612746,400975681,1,10,54,1,"Alley Oop Layup shot","2PT Field Goal",1,"New York Knicks",6,14,0,0.00,,0.00,0.00
"DeAndre Jordan","LA Clippers",2017-12-16,2017,3442,1610612746,400975183,1,6,51,1,"Alley Oop Layup shot","2PT Field Goal",1,"Miami Heat",-18,6,0,0.00,,0.00,0.00
"DeAndre Jordan","LA Clippers",2017-11-04,2017,3442,1610612746,400974882,2,1,01,1,"Alley Oop Layup shot","2PT Field Goal",1,"Memphis Grizzlies",3,19,0,0.00,,0.00,0.00
"DeAndre Jordan","LA Clippers",2018-03-27,2017,3442,1610612746,400975861,2,5,07,1,"Alley Oop Layup shot","2PT Field Goal",0,"Milwaukee Bucks",3,9,0,0.00,,0.00,0.00
"DeAndre Jordan","LA Clippers",2017-12-20,2017,3442,1610612746,400975216,4,2,39,1,"Alley Oop Layup shot","2PT Field Goal",2,"Phoenix Suns",14,20,0,0.00,,0.00,0.00
"DeAndre Jordan","LA Clippers",2018-02-12,2017,3442,1610612746,400975589,1,3,19,1,"Cutting Dunk Shot","2PT Field Goal",0,"Brooklyn Nets",-4,6,0,0.00,,0.00,0.00
"DeAndre Jordan","LA Clippers",2017-10-30,2017,3442,1610612746,400974851,3,6,26,1,"Cutting Dunk Shot","2PT Field Goal",0,"Golden State Warriors",2,2,0,0.00,,0.00,0.00
"DeAndre Jordan","LA Clippers",2017-11-07,2017,3442,1610612746,400974905,2,4,42,1,"Cutting Dunk Shot","2PT Field Goal",0,"San Antonio Spurs",-4,8,0,0.00,,0.00,0.00
"DeAndre Jordan","LA Clippers",2018-03-20,2017,3442,1610612746,400975806,1,7,04,1,"Cutting Dunk Shot","2PT Field Goal",0,"Minnesota Timberwolves",2,-8,0,0.00,,0.00,0.00
"DeAndre Jordan","LA Clippers",2018-02-23,2017,3442,1610612746,400975627,3,4,58,1,"Cutting Dunk Shot","2PT Field Goal",0,"Phoenix Suns",0,1,0,0.00,,0.00,0.00
"DeAndre Jordan","LA Clippers",2018-02-23,2017,3442,1610612746,400975627,1,9,57,1,"Cutting Dunk Shot","2PT Field Goal",0,"Phoenix Suns",-4,4,0,0.00,,0.00,0.00
"DeAndre Jordan","LA Clippers",2017-10-19,2017,3442,1610612746,400974442,3,6,39,1,"Cutting Dunk Shot","2PT Field Goal",1,"Los Angeles Lakers",-8,15,0,0.00,,0.00,0.00
"DeAndre Jordan","LA Clippers",2017-11-01,2017,3442,1610612746,400974867,3,8,43,1,"Cutting Dunk Shot","2PT Field Goal",1,"Dallas Mavericks",-8,8,0,0.00,,0.00,0.00
"DeAndre Jordan","LA Clippers",2018-04-09,2017,3442,1610612746,400975958,1,8,41,1,"Cutting Dunk Shot","2PT Field Goal",2,"New Orleans Pelicans",12,26,0,0.00,,0.00,0.00
"DeAndre Jordan","LA Clippers",2018-01-04,2017,3442,1610612746,400975313,1,7,07,1,"Cutting Dunk Shot","2PT Field Goal",0,"Oklahoma City Thunder",1,9,0,0.00,,0.00,0.00
"DeAndre Jordan","LA Clippers",2018-03-16,2017,3442,1610612746,400975778,3,10,02,1,"Cutting Dunk Shot","2PT Field Goal",1,"Oklahoma City Thunder",-8,8,0,0.00,,0.00,0.00
"DeAndre Jordan","LA Clippers",2017-12-22,2017,3442,1610612746,400975226,1,7,01,1,"Cutting Dunk Shot","2PT Field Goal",1,"Houston Rockets",2,13,0,0.00,,0.00,0.00
"DeAndre Jordan","LA Clippers",2017-11-22,2017,3442,1610612746,400975007,3,3,03,1,"Cutting Dunk Shot","2PT Field Goal",1,"Atlanta Hawks",2,19,0,0.00,,0.00,0.00
"DeAndre Jordan","LA Clippers",2017-11-22,2017,3442,1610612746,400975007,2,9,48,1,"Cutting Dunk Shot","2PT Field Goal",3,"Atlanta Hawks",-11,29,0,0.00,,0.00,0.00
"DeAndre Jordan","LA Clippers",2017-11-04,2017,3442,1610612746,400974882,2,3,52,1,"Cutting Dunk Shot","2PT Field Goal",1,"Memphis Grizzlies",2,14,0,0.00,,0.00,0.00
"DeAndre Jordan","LA Clippers",2018-03-27,2017,3442,1610612746,400975861,2,2,26,1,"Cutting Dunk Shot","2PT Field Goal",1,"Milwaukee Bucks",2,13,0,0.00,,0.00,0.00
"DeAndre Jordan","LA Clippers",2018-03-28,2017,3442,1610612746,400975868,1,6,40,1,"Cutting Dunk Shot","2PT Field Goal",0,"Phoenix Suns",2,4,0,0.00,,0.00,0.00
"DeAndre Jordan","LA Clippers",2018-02-14,2017,3442,1610612746,400975604,1,2,08,1,"Cutting Dunk Shot","2PT Field Goal",1,"Boston Celtics",-2,16,0,0.00,,0.00,0.00
"DeAndre Jordan","LA Clippers",2018-03-23,2017,3442,1610612746,400975824,1,9,16,1,"Cutting Dunk Shot","2PT Field Goal",2,"Indiana Pacers",-6,20,0,0.00,,0.00,0.00
"DeAndre Jordan","LA Clippers",2018-02-14,2017,3442,1610612746,400975604,3,4,34,1,"Cutting Dunk Shot","2PT Field Goal",0,"Boston Celtics",-1,2,0,0.00,,0.00,0.00
"DeAndre Jordan","LA Clippers",2018-02-12,2017,3442,1610612746,400975589,3,1,38,1,"Cutting Dunk Shot","2PT Field Goal",1,"Brooklyn Nets",-5,12,0,0.00,,0.00,0.00
"DeAndre Jordan","LA Clippers",2017-12-02,2017,3442,1610612746,400975078,2,1,25,1,"Cutting Dunk Shot","2PT Field Goal",2,"Dallas Mavericks",5,22,0,0.00,,0.00,0.00
"DeAndre Jordan","LA Clippers",2017-11-27,2017,3442,1610612746,400975048,2,2,08,1,"Cutting Dunk Shot","2PT Field Goal",1,"Los Angeles Lakers",6,17,0,0.00,,0.00,0.00
"DeAndre Jordan","LA Clippers",2017-10-30,2017,3442,1610612746,400974851,1,11,13,1,"Cutting Dunk Shot","2PT Field Goal",0,"Golden State Warriors",0,0,0,0.00,,0.00,0.00
"DeAndre Jordan","LA Clippers",2018-04-07,2017,3442,1610612746,400975937,3,3,27,0,"Cutting Finger Roll Layup Shot","2PT Field Goal",0,"Denver Nuggets",8,5,0,0.00,,0.00,0.00
"DeAndre Jordan","LA Clippers",2018-01-26,2017,3442,1610612746,400975464,3,5,14,0,"Cutting Finger Roll Layup Shot","2PT Field Goal",1,"Memphis Grizzlies",1,14,0,0.00,,0.00,0.00
"DeAndre Jordan","LA Clippers",2018-01-30,2017,3442,1610612746,400975498,1,7,43,1,"Cutting Layup Shot","2PT Field Goal",1,"Portland Trail Blazers",-2,18,0,0.00,,0.00,0.00
"DeAndre Jordan","LA Clippers",2018-02-12,2017,3442,1610612746,400975589,3,0,02,0,"Cutting Layup Shot","2PT Field Goal",2,"Brooklyn Nets",-14,20,0,0.00,,0.00,0.00
"DeAndre Jordan","LA Clippers",2018-03-20,2017,3442,1610612746,400975806,1,6,11,0,"Cutting Layup Shot","2PT Field Goal",2,"Minnesota Timberwolves",8,20,0,0.00,,0.00,0.00
"DeAndre Jordan","LA Clippers",2018-02-14,2017,3442,1610612746,400975604,2,5,03,1,"Cutting Layup Shot","2PT Field Goal",0,"Boston Celtics",-2,6,0,0.00,,0.00,0.00
"DeAndre Jordan","LA Clippers",2018-03-04,2017,3442,1610612746,400975694,1,6,00,1,"Cutting Layup Shot","2PT Field Goal",0,"Brooklyn Nets",-1,1,0,0.00,,0.00,0.00
"DeAndre Jordan","LA Clippers",2017-11-04,2017,3442,1610612746,400974882,3,8,01,1,"Cutting Layup Shot","2PT Field Goal",1,"Memphis Grizzlies",-12,10,0,0.00,,0.00,0.00
"DeAndre Jordan","LA Clippers",2018-02-14,2017,3442,1610612746,400975604,3,3,21,0,"Cutting Layup Shot","2PT Field Goal",3,"Boston Celtics",3,37,0,0.00,,0.00,0.00
"DeAndre Jordan","LA Clippers",2018-03-28,2017,3442,1610612746,400975868,2,6,18,1,"Cutting Layup Shot","2PT Field Goal",0,"Phoenix Suns",1,5,0,0.00,,0.00,0.00
"DeAndre Jordan","LA Clippers",2017-12-11,2017,3442,1610612746,400975147,1,7,58,0,"Cutting Layup Shot","2PT Field Goal",0,"Toronto Raptors",3,9,0,0.00,,0.00,0.00
"DeAndre Jordan","LA Clippers",2018-01-04,2017,3442,1610612746,400975313,2,4,41,0,"Cutting Layup Shot","2PT Field Goal",2,"Oklahoma City Thunder",7,20,0,0.00,,0.00,0.00
"DeAndre Jordan","LA Clippers",2018-03-30,2017,3442,1610612746,400975883,3,6,59,0,"Cutting Layup Shot","2PT Field Goal",0,"Portland Trail Blazers",-9,4,0,0.00,,0.00,0.00
"DeAndre Jordan","LA Clippers",2017-12-22,2017,3442,1610612746,400975226,1,4,00,1,"Cutting Layup Shot","2PT Field Goal",3,"Houston Rockets",12,30,0,0.00,,0.00,0.00
"DeAndre Jordan","LA Clippers",2017-11-17,2017,3442,1610612746,400974971,1,6,08,1,"Driving Dunk Shot","2PT Field Goal",1,"Cleveland Cavaliers",12,6,0,0.00,,0.00,0.00
"DeAndre Jordan","LA Clippers",2018-02-10,2017,3442,1610612746,400975574,1,7,05,1,"Driving Dunk Shot","2PT Field Goal",0,"Philadelphia 76ers",-7,2,0,0.00,,0.00,0.00
"DeAndre Jordan","LA Clippers",2018-03-30,2017,3442,1610612746,400975883,2,5,48,0,"Driving Dunk Shot","2PT Field Goal",1,"Portland Trail Blazers",2,17,0,0.00,,0.00,0.00
"DeAndre Jordan","LA Clippers",2017-10-28,2017,3442,1610612746,400974835,1,1,32,1,"Driving Dunk Shot","2PT Field Goal",1,"Detroit Pistons",13,4,0,0.00,,0.00,0.00
"DeAndre Jordan","LA Clippers",2018-02-10,2017,3442,1610612746,400975574,3,10,24,0,"Driving Finger Roll Layup Shot","2PT Field Goal",0,"Philadelphia 76ers",-3,6,0,0.00,,0.00,0.00
"DeAndre Jordan","LA Clippers",2017-12-03,2017,3442,1610612746,400975087,1,6,10,1,"Driving Finger Roll Layup Shot","2PT Field Goal",0,"Minnesota Timberwolves",0,7,0,0.00,,0.00,0.00
"DeAndre Jordan","LA Clippers",2018-04-01,2017,3442,1610612746,400975892,3,7,53,0,"Driving Hook Shot","2PT Field Goal",5,"Indiana Pacers",-3,52,0,0.00,,0.00,0.00
"DeAndre Jordan","LA Clippers",2018-03-18,2017,3442,1610612746,400975795,3,8,37,0,"Driving Hook Shot","2PT Field Goal",4,"Portland Trail Blazers",27,40,0,0.00,,0.00,0.00
"DeAndre Jordan","LA Clippers",2018-02-12,2017,3442,1610612746,400975589,3,6,52,1,"Driving Layup Shot","2PT Field Goal",2,"Brooklyn Nets",-28,10,0,0.00,,0.00,0.00
"DeAndre Jordan","LA Clippers",2018-04-07,2017,3442,1610612746,400975937,1,3,52,0,"Driving Layup Shot","2PT Field Goal",3,"Denver Nuggets",0,30,0,0.00,,0.00,0.00
"DeAndre Jordan","LA Clippers",2018-02-14,2017,3442,1610612746,400975604,2,0,10,0,"Driving Layup Shot","2PT Field Goal",2,"Boston Celtics",-19,21,0,0.00,,0.00,0.00
"DeAndre Jordan","LA Clippers",2017-12-26,2017,3442,1610612746,400975251,3,9,49,1,"Driving Reverse Layup Shot","2PT Field Goal",2,"Sacramento Kings",-2,23,0,0.00,,0.00,0.00
"DeAndre Jordan","LA Clippers",2017-11-22,2017,3442,1610612746,400975007,3,11,25,1,"Dunk Shot","2PT Field Goal",2,"Atlanta Hawks",3,20,0,0.00,,0.00,0.00
"DeAndre Jordan","LA Clippers",2017-12-13,2017,3442,1610612746,400975156,1,5,54,1,"Dunk Shot","2PT Field Goal",3,"Orlando Magic",0,38,0,0.00,,0.00,0.00
"DeAndre Jordan","LA Clippers",2017-12-03,2017,3442,1610612746,400975087,2,6,13,1,"Dunk Shot","2PT Field Goal",1,"Minnesota Timberwolves",-9,13,0,0.00,,0.00,0.00
"DeAndre Jordan","LA Clippers",2017-12-03,2017,3442,1610612746,400975087,4,2,38,1,"Dunk Shot","2PT Field Goal",1,"Minnesota Timberwolves",-8,10,0,0.00,,0.00,0.00
"DeAndre Jordan","LA Clippers",2017-11-10,2017,3442,1610612746,400974923,4,0,48,1,"Dunk Shot","2PT Field Goal",0,"Oklahoma City Thunder",2,6,0,0.00,,0.00,0.00
"DeAndre Jordan","LA Clippers",2017-11-04,2017,3442,1610612746,400974882,3,8,46,1,"Dunk Shot","2PT Field Goal",1,"Memphis Grizzlies",-5,11,0,0.00,,0.00,0.00
"DeAndre Jordan","LA Clippers",2017-11-01,2017,3442,1610612746,400974867,2,3,04,1,"Dunk Shot","2PT Field Goal",1,"Dallas Mavericks",-9,10,0,0.00,,0.00,0.00
"DeAndre Jordan","LA Clippers",2017-11-01,2017,3442,1610612746,400974867,2,2,03,1,"Dunk Shot","2PT Field Goal",1,"Dallas Mavericks",14,9,0,0.00,,0.00,0.00
"DeAndre Jordan","LA Clippers",2017-11-17,2017,3442,1610612746,400974971,1,5,18,1,"Dunk Shot","2PT Field Goal",1,"Cleveland Cavaliers",2,16,0,0.00,,0.00,0.00
"DeAndre Jordan","LA Clippers",2018-03-16,2017,3442,1610612746,400975778,2,2,14,0,"Dunk Shot","2PT Field Goal",2,"Oklahoma City Thunder",-17,15,0,0.00,,0.00,0.00
"DeAndre Jordan","LA Clippers",2017-11-20,2017,3442,1610612746,400974996,3,8,12,1,"Dunk Shot","2PT Field Goal",0,"New York Knicks",-3,-6,0,0.00,,0.00,0.00
"DeAndre Jordan","LA Clippers",2018-03-21,2017,3442,1610612746,0,1,5,42,0,"Dunk Shot","2PT Field Goal",1,"Milwaukee Bucks",-4,13,0,0.00,,0.00,0.00
"DeAndre Jordan","LA Clippers",2017-12-11,2017,3442,1610612746,400975147,4,3,39,1,"Dunk Shot","2PT Field Goal",1,"Toronto Raptors",-3,13,0,0.00,,0.00,0.00
"DeAndre Jordan","LA Clippers",2017-11-11,2017,3442,1610612746,400974929,2,8,50,1,"Dunk Shot","2PT Field Goal",2,"New Orleans Pelicans",14,19,0,0.00,,0.00,0.00
"DeAndre Jordan","LA Clippers",2018-04-09,2017,3442,1610612746,400975958,1,2,48,1,"Dunk Shot","2PT Field Goal",1,"New Orleans Pelicans",0,16,0,0.00,,0.00,0.00
"DeAndre Jordan","LA Clippers",2017-11-11,2017,3442,1610612746,400974929,4,0,17,1,"Dunk Shot","2PT Field Goal",2,"New Orleans Pelicans",-12,18,0,0.00,,0.00,0.00
"DeAndre Jordan","LA Clippers",2018-01-08,2017,3442,1610612746,400975344,1,3,03,1,"Dunk Shot","2PT Field Goal",0,"Atlanta Hawks",-3,5,0,0.00,,0.00,0.00
"DeAndre Jordan","LA Clippers",2017-12-16,2017,3442,1610612746,400975183,1,3,15,1,"Dunk Shot","2PT Field Goal",1,"Miami Heat",11,5,0,0.00,,0.00,0.00
"DeAndre Jordan","LA Clippers",2018-02-14,2017,3442,1610612746,400975604,1,3,43,1,"Dunk Shot","2PT Field Goal",0,"Boston Celtics",5,8,0,0.00,,0.00,0.00
"DeAndre Jordan","LA Clippers",2018-02-27,2017,3442,1610612746,400975658,1,6,27,1,"Dunk Shot","2PT Field Goal",1,"Denver Nuggets",-9,5,0,0.00,,0.00,0.00
"DeAndre Jordan","LA Clippers",2018-02-09,2017,3442,1610612746,400975563,3,10,28,1,"Dunk Shot","2PT Field Goal",0,"Detroit Pistons",-5,-1,0,0.00,,0.00,0.00
"DeAndre Jordan","LA Clippers",2018-03-20,2017,3442,1610612746,400975806,2,5,12,1,"Dunk Shot","2PT Field Goal",0,"Minnesota Timberwolves",0,8,0,0.00,,0.00,0.00
"DeAndre Jordan","LA Clippers",2017-11-11,2017,3442,1610612746,400974929,2,2,00,1,"Dunk Shot","2PT Field Goal",2,"New Orleans Pelicans",-6,26,0,0.00,,0.00,0.00
"DeAndre Jordan","LA Clippers",2017-12-29,2017,3442,1610612746,400975275,2,0,37,0,"Dunk Shot","2PT Field Goal",2,"Los Angeles Lakers",-18,18,0,0.00,,0.00,0.00
"DeAndre Jordan","LA Clippers",2017-12-16,2017,3442,1610612746,400975183,1,10,44,1,"Dunk Shot","2PT Field Goal",1,"Miami Heat",-12,6,0,0.00,,0.00,0.00
"DeAndre Jordan","LA Clippers",2017-10-28,2017,3442,1610612746,400974835,1,10,27,1,"Dunk Shot","2PT Field Goal",0,"Detroit Pistons",0,1,0,0.00,,0.00,0.00
"DeAndre Jordan","LA Clippers",2017-11-18,2017,3442,1610612746,400974979,1,9,37,1,"Dunk Shot","2PT Field Goal",1,"Charlotte Hornets",0,10,0,0.00,,0.00,0.00
"DeAndre Jordan","LA Clippers",2017-11-25,2017,3442,1610612746,400975037,1,8,33,1,"Dunk Shot","2PT Field Goal",2,"Sacramento Kings",-3,26,0,0.00,,0.00,0.00
"DeAndre Jordan","LA Clippers",2017-11-07,2017,3442,1610612746,400974905,4,6,32,1,"Dunk Shot","2PT Field Goal",1,"San Antonio Spurs",0,11,0,0.00,,0.00,0.00
"DeAndre Jordan","LA Clippers",2017-12-03,2017,3442,1610612746,400975087,4,5,40,1,"Dunk Shot","2PT Field Goal",0,"Minnesota Timberwolves",5,3,0,0.00,,0.00,0.00
"DeAndre Jordan","LA Clippers",2017-10-24,2017,3442,1610612746,400974805,2,0,01,0,"Fadeaway Jump Shot","2PT Field Goal",11,"Utah Jazz",102,44,0,0.00,,0.00,0.00
"DeAndre Jordan","LA Clippers",2018-01-26,2017,3442,1610612746,400975464,4,1,23,1,"Finger Roll Layup Shot","2PT Field Goal",1,"Memphis Grizzlies",2,19,0,0.00,,0.00,0.00
"DeAndre Jordan","LA Clippers",2018-01-08,2017,3442,1610612746,400975344,1,2,01,0,"Finger Roll Layup Shot","2PT Field Goal",3,"Atlanta Hawks",8,37,0,0.00,,0.00,0.00
"DeAndre Jordan","LA Clippers",2018-01-10,2017,3442,1610612746,400975359,2,3,26,1,"Finger Roll Layup Shot","2PT Field Goal",1,"Golden State Warriors",5,19,0,0.00,,0.00,0.00
"DeAndre Jordan","LA Clippers",2018-01-30,2017,3442,1610612746,400975498,3,9,59,0,"Floating Jump shot","2PT Field Goal",6,"Portland Trail Blazers",61,9,0,0.00,,0.00,0.00
"DeAndre Jordan","LA Clippers",2018-03-25,2017,3442,1610612746,400975843,1,8,47,0,"Floating Jump shot","2PT Field Goal",8,"Toronto Raptors",3,88,0,0.00,,0.00,0.00
"DeAndre Jordan","LA Clippers",2018-01-10,2017,3442,1610612746,400975359,1,10,15,0,"Hook Bank Shot","2PT Field Goal",10,"Golden State Warriors",3,101,0,0.00,,0.00,0.00
"DeAndre Jordan","LA Clippers",2017-12-06,2017,3442,1610612746,400975113,1,7,45,1,"Hook Shot","2PT Field Goal",6,"Minnesota Timberwolves",63,14,0,0.00,,0.00,0.00
"DeAndre Jordan","LA Clippers",2018-01-08,2017,3442,1610612746,400975344,4,4,33,0,"Hook Shot","2PT Field Goal",4,"Atlanta Hawks",32,34,0,0.00,,0.00,0.00
"DeAndre Jordan","LA Clippers",2017-11-25,2017,3442,1610612746,400975037,1,3,27,0,"Hook Shot","2PT Field Goal",5,"Sacramento Kings",-3,59,0,0.00,,0.00,0.00
"DeAndre Jordan","LA Clippers",2018-03-27,2017,3442,1610612746,400975861,2,3,58,0,"Hook Shot","2PT Field Goal",4,"Milwaukee Bucks",43,5,0,0.00,,0.00,0.00
"DeAndre Jordan","LA Clippers",2018-03-28,2017,3442,1610612746,400975868,1,3,59,0,"Hook Shot","2PT Field Goal",2,"Phoenix Suns",1,26,0,0.00,,0.00,0.00
"DeAndre Jordan","LA Clippers",2017-12-23,2017,3442,1610612746,400975238,2,5,10,0,"Hook Shot","2PT Field Goal",0,"Memphis Grizzlies",-1,7,0,0.00,,0.00,0.00
"DeAndre Jordan","LA Clippers",2018-02-05,2017,3442,1610612746,400975542,1,9,45,0,"Hook Shot","2PT Field Goal",6,"Dallas Mavericks",25,58,0,0.00,,0.00,0.00
"DeAndre Jordan","LA Clippers",2017-10-19,2017,3442,1610612746,400974442,3,11,18,0,"Hook Shot","2PT Field Goal",2,"Los Angeles Lakers",5,21,0,0.00,,0.00,0.00
"DeAndre Jordan","LA Clippers",2017-11-20,2017,3442,1610612746,400974996,3,11,06,1,"Hook Shot","2PT Field Goal",10,"New York Knicks",-24,106,0,0.00,,0.00,0.00
"DeAndre Jordan","LA Clippers",2018-03-27,2017,3442,1610612746,400975861,1,11,25,0,"Hook Shot","2PT Field Goal",3,"Milwaukee Bucks",11,38,0,0.00,,0.00,0.00
"DeAndre Jordan","LA Clippers",2017-10-19,2017,3442,1610612746,400974442,2,2,38,0,"Hook Shot","2PT Field Goal",5,"Los Angeles Lakers",-43,33,0,0.00,,0.00,0.00
"DeAndre Jordan","LA Clippers",2017-12-11,2017,3442,1610612746,400975147,1,6,37,0,"Hook Shot","2PT Field Goal",4,"Toronto Raptors",-8,41,0,0.00,,0.00,0.00
"DeAndre Jordan","LA Clippers",2017-11-04,2017,3442,1610612746,400974882,1,7,24,0,"Hook Shot","2PT Field Goal",2,"Memphis Grizzlies",12,26,0,0.00,,0.00,0.00
"DeAndre Jordan","LA Clippers",2017-12-22,2017,3442,1610612746,400975226,1,6,03,0,"Hook Shot","2PT Field Goal",8,"Houston Rockets",50,66,0,0.00,,0.00,0.00
"DeAndre Jordan","LA Clippers",2017-12-16,2017,3442,1610612746,400975183,1,7,16,0,"Hook Shot","2PT Field Goal",4,"Miami Heat",33,36,0,0.00,,0.00,0.00
"DeAndre Jordan","LA Clippers",2018-01-04,2017,3442,1610612746,400975313,3,10,25,0,"Hook Shot","2PT Field Goal",3,"Oklahoma City Thunder",36,5,0,0.00,,0.00,0.00
"DeAndre Jordan","LA Clippers",2017-10-26,2017,3442,1610612746,400974819,1,5,24,0,"Hook Shot","2PT Field Goal",2,"Portland Trail Blazers",7,21,0,0.00,,0.00,0.00
"DeAndre Jordan","LA Clippers",2018-02-28,2017,3442,1610612746,400975667,1,11,35,1,"Hook Shot","2PT Field Goal",2,"Houston Rockets",6,25,0,0.00,,0.00,0.00
"DeAndre Jordan","LA Clippers",2018-02-23,2017,3442,1610612746,400975627,1,4,58,0,"Hook Shot","2PT Field Goal",2,"Phoenix Suns",5,25,0,0.00,,0.00,0.00
"DeAndre Jordan","LA Clippers",2017-11-07,2017,3442,1610612746,400974905,2,5,00,0,"Hook Shot","2PT Field Goal",1,"San Antonio Spurs",-5,14,0,0.00,,0.00,0.00
"DeAndre Jordan","LA Clippers",2018-02-12,2017,3442,1610612746,400975589,1,4,04,0,"Hook Shot","2PT Field Goal",8,"Brooklyn Nets",22,83,0,0.00,,0.00,0.00
"DeAndre Jordan","LA Clippers",2017-10-19,2017,3442,1610612746,400974442,2,9,55,1,"Hook Shot","2PT Field Goal",2,"Los Angeles Lakers",-19,21,0,0.00,,0.00,0.00
"DeAndre Jordan","LA Clippers",2017-10-24,2017,3442,1610612746,400974805,1,7,09,0,"Hook Shot","2PT Field Goal",4,"Utah Jazz",-16,38,0,0.00,,0.00,0.00
"DeAndre Jordan","LA Clippers",2017-10-24,2017,3442,1610612746,400974805,1,11,42,0,"Hook Shot","2PT Field Goal",2,"Utah Jazz",14,15,0,0.00,,0.00,0.00
"DeAndre Jordan","LA Clippers",2018-02-03,2017,3442,1610612746,400975521,3,5,09,0,"Hook Shot","2PT Field Goal",3,"Chicago Bulls",25,22,0,0.00,,0.00,0.00
"DeAndre Jordan","LA Clippers",2018-03-27,2017,3442,1610612746,400975861,1,3,23,0,"Hook Shot","2PT Field Goal",6,"Milwaukee Bucks",68,11,0,0.00,,0.00,0.00
"DeAndre Jordan","LA Clippers",2017-12-09,2017,3442,1610612746,400975126,2,1,50,0,"Hook Shot","2PT Field Goal",4,"Washington Wizards",-37,21,0,0.00,,0.00,0.00
"DeAndre Jordan","LA Clippers",2018-02-03,2017,3442,1610612746,400975521,1,6,44,0,"Hook Shot","2PT Field Goal",7,"Chicago Bulls",74,-1,0,0.00,,0.00,0.00
"DeAndre Jordan","LA Clippers",2018-04-05,2017,3442,1610612746,400975925,2,1,38,1,"Hook Shot","2PT Field Goal",3,"Utah Jazz",0,32,0,0.00,,0.00,0.00
"DeAndre Jordan","LA Clippers",2018-02-27,2017,3442,1610612746,400975658,1,4,11,0,"Hook Shot","2PT Field Goal",3,"Denver Nuggets",27,14,0,0.00,,0.00,0.00
"DeAndre Jordan","LA Clippers",2018-04-05,2017,3442,1610612746,400975925,3,11,15,0,"Hook Shot","2PT Field Goal",8,"Utah Jazz",-35,78,0,0.00,,0.00,0.00
"DeAndre Jordan","LA Clippers",2018-03-27,2017,3442,1610612746,400975861,1,9,00,1,"Hook Shot","2PT Field Goal",3,"Milwaukee Bucks",-10,38,0,0.00,,0.00,0.00
"DeAndre Jordan","LA Clippers",2018-03-27,2017,3442,1610612746,400975861,3,6,23,1,"Hook Shot","2PT Field Goal",6,"Milwaukee Bucks",-40,55,0,0.00,,0.00,0.00
"DeAndre Jordan","LA Clippers",2017-12-31,2017,0,1610612746,0,3,11,06,0,"Hook Shot","2PT Field Goal",8,"Charlotte Hornets",0,88,0,0.00,,0.00,0.00
"DeAndre Jordan","LA Clippers",2018-02-05,2017,3442,1610612746,400975542,1,5,20,0,"Hook Shot","2PT Field Goal",3,"Dallas Mavericks",5,35,0,0.00,,0.00,0.00
"DeAndre Jordan","LA Clippers",2017-12-13,2017,3442,1610612746,400975156,1,3,27,0,"Hook Shot","2PT Field Goal",8,"Orlando Magic",84,25,0,0.00,,0.00,0.00
"DeAndre Jordan","LA Clippers",2018-02-10,2017,3442,1610612746,400975574,1,7,34,1,"Hook Shot","2PT Field Goal",5,"Philadelphia 76ers",-47,21,0,0.00,,0.00,0.00
"DeAndre Jordan","LA Clippers",2018-04-03,2017,3442,1610612746,400975914,1,10,32,0,"Hook Shot","2PT Field Goal",4,"San Antonio Spurs",37,16,0,0.00,,0.00,0.00
"DeAndre Jordan","LA Clippers",2017-12-20,2017,3442,1610612746,400975216,1,3,01,0,"Jump Shot","2PT Field Goal",3,"Phoenix Suns",30,16,0,0.00,,0.00,0.00
"DeAndre Jordan","LA Clippers",2018-01-28,2017,3442,1610612746,400975479,3,7,27,1,"Layup Shot","2PT Field Goal",0,"New Orleans Pelicans",5,5,0,0.00,,0.00,0.00
"DeAndre Jordan","LA Clippers",2018-01-28,2017,3442,1610612746,400975479,1,6,25,1,"Layup Shot","2PT Field Goal",1,"New Orleans Pelicans",-13,9,0,0.00,,0.00,0.00
"DeAndre Jordan","LA Clippers",2017-12-20,2017,3442,1610612746,400975216,2,3,47,0,"Layup Shot","2PT Field Goal",5,"Phoenix Suns",-50,29,0,0.00,,0.00,0.00
"DeAndre Jordan","LA Clippers",2018-03-16,2017,3442,1610612746,400975778,4,1,35,1,"Layup Shot","2PT Field Goal",0,"Oklahoma City Thunder",-8,-2,0,0.00,,0.00,0.00
"DeAndre Jordan","LA Clippers",2018-03-16,2017,3442,1610612746,400975778,4,3,21,0,"Layup Shot","2PT Field Goal",1,"Oklahoma City Thunder",0,14,0,0.00,,0.00,0.00
"DeAndre Jordan","LA Clippers",2018-04-05,2017,3442,1610612746,400975925,2,9,32,0,"Layup Shot","2PT Field Goal",2,"Utah Jazz",23,4,0,0.00,,0.00,0.00
"DeAndre Jordan","LA Clippers",2017-12-29,2017,3442,1610612746,400975275,1,7,35,1,"Layup Shot","2PT Field Goal",1,"Los Angeles Lakers",5,17,0,0.00,,0.00,0.00
"DeAndre Jordan","LA Clippers",2018-01-24,2017,3442,1610612746,400975455,2,2,11,1,"Layup Shot","2PT Field Goal",1,"Boston Celtics",-5,15,0,0.00,,0.00,0.00
"DeAndre Jordan","LA Clippers",2017-11-04,2017,3442,1610612746,400974882,4,7,59,1,"Layup Shot","2PT Field Goal",2,"Memphis Grizzlies",-22,17,0,0.00,,0.00,0.00
"DeAndre Jordan","LA Clippers",2017-12-13,2017,3442,1610612746,400975156,3,8,28,1,"Layup Shot","2PT Field Goal",0,"Orlando Magic",-5,8,0,0.00,,0.00,0.00
"DeAndre Jordan","LA Clippers",2018-03-02,2017,3442,1610612746,400975681,1,8,23,1,"Layup Shot","2PT Field Goal",2,"New York Knicks",3,20,0,0.00,,0.00,0.00
"DeAndre Jordan","LA Clippers",2018-03-02,2017,3442,1610612746,400975681,1,2,25,1,"Layup Shot","2PT Field Goal",1,"New York Knicks",9,13,0,0.00,,0.00,0.00
"DeAndre Jordan","LA Clippers",2018-03-21,2017,3442,1610612746,0,2,1,52,0,"Layup Shot","2PT Field Goal",1,"Milwaukee Bucks",-4,10,0,0.00,,0.00,0.00
"DeAndre Jordan","LA Clippers",2017-11-13,2017,3442,1610612746,400974951,4,8,45,0,"Layup Shot","2PT Field Goal",1,"Philadelphia 76ers",17,10,0,0.00,,0.00,0.00
"DeAndre Jordan","LA Clippers",2018-03-02,2017,3442,1610612746,400975681,1,8,40,0,"Layup Shot","2PT Field Goal",1,"New York Knicks",-4,16,0,0.00,,0.00,0.00
"DeAndre Jordan","LA Clippers",2018-03-21,2017,3442,1610612746,0,1,11,13,1,"Layup Shot","2PT Field Goal",1,"Milwaukee Bucks",-5,13,0,0.00,,0.00,0.00
"DeAndre Jordan","LA Clippers",2017-11-27,2017,3442,1610612746,400975048,4,3,03,0,"Layup Shot","2PT Field Goal",1,"Los Angeles Lakers",5,18,0,0.00,,0.00,0.00
"DeAndre Jordan","LA Clippers",2018-01-30,2017,3442,1610612746,400975498,1,9,12,0,"Layup Shot","2PT Field Goal",2,"Portland Trail Blazers",10,28,0,0.00,,0.00,0.00
"DeAndre Jordan","LA Clippers",2017-10-30,2017,3442,1610612746,400974851,1,11,37,0,"Layup Shot","2PT Field Goal",0,"Golden State Warriors",5,4,0,0.00,,0.00,0.00
"DeAndre Jordan","LA Clippers",2017-12-13,2017,3442,1610612746,400975156,3,3,30,1,"Layup Shot","2PT Field Goal",1,"Orlando Magic",-4,19,0,0.00,,0.00,0.00
"DeAndre Jordan","LA Clippers",2017-10-24,2017,3442,1610612746,400974805,1,10,04,0,"Layup Shot","2PT Field Goal",0,"Utah Jazz",3,4,0,0.00,,0.00,0.00
"DeAndre Jordan","LA Clippers",2018-04-09,2017,3442,1610612746,400975958,1,7,08,1,"Layup Shot","2PT Field Goal",1,"New Orleans Pelicans",9,16,0,0.00,,0.00,0.00
"DeAndre Jordan","LA Clippers",2018-03-20,2017,3442,1610612746,400975806,2,4,45,1,"Layup Shot","2PT Field Goal",0,"Minnesota Timberwolves",0,2,0,0.00,,0.00,0.00
"DeAndre Jordan","LA Clippers",2018-02-09,2017,3442,1610612746,400975563,1,5,54,0,"Layup Shot","2PT Field Goal",1,"Detroit Pistons",8,6,0,0.00,,0.00,0.00
"DeAndre Jordan","LA Clippers",2018-03-20,2017,3442,1610612746,400975806,2,6,43,0,"Layup Shot","2PT Field Goal",1,"Minnesota Timberwolves",-13,4,0,0.00,,0.00,0.00
"DeAndre Jordan","LA Clippers",2018-02-09,2017,3442,1610612746,400975563,2,2,36,0,"Layup Shot","2PT Field Goal",2,"Detroit Pistons",3,22,0,0.00,,0.00,0.00
"DeAndre Jordan","LA Clippers",2018-02-09,2017,3442,1610612746,400975563,4,6,17,1,"Layup Shot","2PT Field Goal",3,"Detroit Pistons",31,12,0,0.00,,0.00,0.00
"DeAndre Jordan","LA Clippers",2018-03-20,2017,3442,1610612746,400975806,2,1,21,1,"Layup Shot","2PT Field Goal",2,"Minnesota Timberwolves",18,11,0,0.00,,0.00,0.00
"DeAndre Jordan","LA Clippers",2017-12-13,2017,3442,1610612746,400975156,3,11,02,0,"Layup Shot","2PT Field Goal",2,"Orlando Magic",-8,25,0,0.00,,0.00,0.00
"DeAndre Jordan","LA Clippers",2017-11-30,2017,3442,1610612746,400975068,3,9,43,1,"Layup Shot","2PT Field Goal",1,"Utah Jazz",0,15,0,0.00,,0.00,0.00
"DeAndre Jordan","LA Clippers",2017-11-22,2017,3442,1610612746,400975007,2,4,35,1,"Layup Shot","2PT Field Goal",3,"Atlanta Hawks",-9,29,0,0.00,,0.00,0.00
"DeAndre Jordan","LA Clippers",2017-12-16,2017,3442,1610612746,400975183,2,0,01,1,"Layup Shot","2PT Field Goal",1,"Miami Heat",10,12,0,0.00,,0.00,0.00
"DeAndre Jordan","LA Clippers",2017-10-28,2017,3442,1610612746,400974835,2,3,19,1,"Layup Shot","2PT Field Goal",2,"Detroit Pistons",1,21,0,0.00,,0.00,0.00
"DeAndre Jordan","LA Clippers",2017-12-31,2017,0,1610612746,0,1,2,29,1,"Layup Shot","2PT Field Goal",1,"Charlotte Hornets",9,9,0,0.00,,0.00,0.00
"DeAndre Jordan","LA Clippers",2017-12-11,2017,3442,1610612746,400975147,3,1,43,0,"Layup Shot","2PT Field Goal",2,"Toronto Raptors",-16,22,0,0.00,,0.00,0.00
"DeAndre Jordan","LA Clippers",2017-12-06,2017,3442,1610612746,400975113,2,1,00,0,"Layup Shot","2PT Field Goal",0,"Minnesota Timberwolves",3,8,0,0.00,,0.00,0.00
"DeAndre Jordan","LA Clippers",2017-12-06,2017,3442,1610612746,400975113,4,3,27,0,"Layup Shot","2PT Field Goal",1,"Minnesota Timberwolves",10,12,0,0.00,,0.00,0.00
"DeAndre Jordan","LA Clippers",2017-10-19,2017,3442,1610612746,400974442,3,4,13,0,"Layup Shot","2PT Field Goal",2,"Los Angeles Lakers",-13,20,0,0.00,,0.00,0.00
"DeAndre Jordan","LA Clippers",2018-01-04,2017,3442,1610612746,400975313,1,5,55,0,"Layup Shot","2PT Field Goal",1,"Oklahoma City Thunder",2,14,0,0.00,,0.00,0.00
"DeAndre Jordan","LA Clippers",2018-04-11,2017,3442,1610612746,400975974,3,8,20,1,"Layup Shot","2PT Field Goal",2,"Los Angeles Lakers",9,27,0,0.00,,0.00,0.00
"DeAndre Jordan","LA Clippers",2018-01-04,2017,3442,1610612746,400975313,4,1,31,0,"Layup Shot","2PT Field Goal",2,"Oklahoma City Thunder",27,4,0,0.00,,0.00,0.00
"DeAndre Jordan","LA Clippers",2018-01-04,2017,3442,1610612746,400975313,1,9,44,1,"Layup Shot","2PT Field Goal",1,"Oklahoma City Thunder",7,10,0,0.00,,0.00,0.00
"DeAndre Jordan","LA Clippers",2018-02-28,2017,3442,1610612746,400975667,2,4,29,0,"Layup Shot","2PT Field Goal",2,"Houston Rockets",17,21,0,0.00,,0.00,0.00
"DeAndre Jordan","LA Clippers",2017-10-26,2017,3442,1610612746,400974819,3,5,01,0,"Layup Shot","2PT Field Goal",1,"Portland Trail Blazers",15,1,0,0.00,,0.00,0.00
"DeAndre Jordan","LA Clippers",2018-01-04,2017,3442,1610612746,400975313,3,5,41,1,"Layup Shot","2PT Field Goal",1,"Oklahoma City Thunder",11,1,0,0.00,,0.00,0.00
"DeAndre Jordan","LA Clippers",2017-11-01,2017,3442,1610612746,400974867,3,6,38,1,"Layup Shot","2PT Field Goal",0,"Dallas Mavericks",4,0,0,0.00,,0.00,0.00
"DeAndre Jordan","LA Clippers",2017-10-26,2017,3442,1610612746,400974819,4,3,54,0,"Layup Shot","2PT Field Goal",1,"Portland Trail Blazers",-11,7,0,0.00,,0.00,0.00
"DeAndre Jordan","LA Clippers",2018-01-04,2017,3442,1610612746,400975313,1,4,14,1,"Layup Shot","2PT Field Goal",0,"Oklahoma City Thunder",-5,4,0,0.00,,0.00,0.00
"DeAndre Jordan","LA Clippers",2018-01-04,2017,3442,1610612746,400975313,4,8,24,0,"Layup Shot","2PT Field Goal",1,"Oklahoma City Thunder",-13,8,0,0.00,,0.00,0.00
"DeAndre Jordan","LA Clippers",2018-03-04,2017,3442,1610612746,400975694,3,8,47,0,"Layup Shot","2PT Field Goal",6,"Brooklyn Nets",65,13,0,0.00,,0.00,0.00
"DeAndre Jordan","LA Clippers",2018-03-04,2017,3442,1610612746,400975694,3,9,19,0,"Layup Shot","2PT Field Goal",2,"Brooklyn Nets",27,-2,0,0.00,,0.00,0.00
"DeAndre Jordan","LA Clippers",2017-11-11,2017,3442,1610612746,400974929,4,3,18,0,"Layup Shot","2PT Field Goal",2,"New Orleans Pelicans",-28,8,0,0.00,,0.00,0.00
"DeAndre Jordan","LA Clippers",2017-11-11,2017,3442,1610612746,400974929,1,5,24,1,"Layup Shot","2PT Field Goal",3,"New Orleans Pelicans",-22,26,0,0.00,,0.00,0.00
"DeAndre Jordan","LA Clippers",2018-03-18,2017,3442,1610612746,400975795,3,10,47,1,"Layup Shot","2PT Field Goal",2,"Portland Trail Blazers",6,29,0,0.00,,0.00,0.00
"DeAndre Jordan","LA Clippers",2018-03-27,2017,3442,1610612746,400975861,2,0,27,0,"Layup Shot","2PT Field Goal",2,"Milwaukee Bucks",5,21,0,0.00,,0.00,0.00
"DeAndre Jordan","LA Clippers",2017-11-18,2017,3442,1610612746,400974979,1,7,44,1,"Layup Shot","2PT Field Goal",2,"Charlotte Hornets",16,16,0,0.00,,0.00,0.00
"DeAndre Jordan","LA Clippers",2018-02-03,2017,3442,1610612746,400975521,1,3,38,0,"Layup Shot","2PT Field Goal",2,"Chicago Bulls",17,14,0,0.00,,0.00,0.00
"DeAndre Jordan","LA Clippers",2017-11-11,2017,3442,1610612746,400974929,1,3,56,1,"Layup Shot","2PT Field Goal",5,"New Orleans Pelicans",47,26,0,0.00,,0.00,0.00
"DeAndre Jordan","LA Clippers",2018-01-28,2017,3442,1610612746,400975479,4,2,12,1,"Layup Shot","2PT Field Goal",1,"New Orleans Pelicans",6,10,0,0.00,,0.00,0.00
"DeAndre Jordan","LA Clippers",2018-01-10,2017,3442,1610612746,400975359,2,4,33,0,"Layup Shot","2PT Field Goal",6,"Golden State Warriors",-2,64,0,0.00,,0.00,0.00
"DeAndre Jordan","LA Clippers",2018-03-23,2017,3442,1610612746,400975824,3,10,35,1,"Layup Shot","2PT Field Goal",0,"Indiana Pacers",-7,4,0,0.00,,0.00,0.00
"DeAndre Jordan","LA Clippers",2018-03-23,2017,3442,1610612746,400975824,3,4,09,1,"Layup Shot","2PT Field Goal",0,"Indiana Pacers",4,5,0,0.00,,0.00,0.00
"DeAndre Jordan","LA Clippers",2018-03-23,2017,3442,1610612746,400975824,1,8,56,1,"Layup Shot","2PT Field Goal",5,"Indiana Pacers",49,24,0,0.00,,0.00,0.00
"DeAndre Jordan","LA Clippers",2017-11-11,2017,3442,1610612746,400974929,2,1,26,1,"Layup Shot","2PT Field Goal",5,"New Orleans Pelicans",-11,51,0,0.00,,0.00,0.00
"DeAndre Jordan","LA Clippers",2017-12-26,2017,3442,1610612746,400975251,1,11,34,1,"Layup Shot","2PT Field Goal",2,"Sacramento Kings",11,21,0,0.00,,0.00,0.00
"DeAndre Jordan","LA Clippers",2017-12-26,2017,3442,1610612746,400975251,1,4,20,0,"Layup Shot","2PT Field Goal",3,"Sacramento Kings",-8,32,0,0.00,,0.00,0.00
"DeAndre Jordan","LA Clippers",2018-01-11,2017,3442,1610612746,400975362,1,2,16,1,"Layup Shot","2PT Field Goal",2,"Sacramento Kings",-8,23,0,0.00,,0.00,0.00
"DeAndre Jordan","LA Clippers",2018-04-03,2017,3442,1610612746,400975914,3,8,03,0,"Layup Shot","2PT Field Goal",1,"San Antonio Spurs",7,13,0,0.00,,0.00,0.00
"DeAndre Jordan","LA Clippers",2018-01-28,2017,3442,1610612746,400975479,3,7,23,1,"Layup Shot","2PT Field Goal",2,"New Orleans Pelicans",-12,16,0,0.00,,0.00,0.00
"DeAndre Jordan","LA Clippers",2017-10-19,2017,3442,1610612746,400974442,2,4,21,1,"Putback Dunk Shot","2PT Field Goal",0,"Los Angeles Lakers",0,-6,0,0.00,,0.00,0.00
"DeAndre Jordan","LA Clippers",2017-11-04,2017,3442,1610612746,400974882,3,5,40,1,"Putback Dunk Shot","2PT Field Goal",0,"Memphis Grizzlies",0,-6,0,0.00,,0.00,0.00
"DeAndre Jordan","LA Clippers",2017-11-20,2017,3442,1610612746,400974996,4,4,23,1,"Putback Dunk Shot","2PT Field Goal",0,"New York Knicks",0,-6,0,0.00,,0.00,0.00
"DeAndre Jordan","LA Clippers",2017-10-24,2017,3442,1610612746,400974805,3,9,49,1,"Putback Dunk Shot","2PT Field Goal",1,"Utah Jazz",9,15,0,0.00,,0.00,0.00
"DeAndre Jordan","LA Clippers",2018-02-03,2017,3442,1610612746,400975521,1,3,33,1,"Putback Dunk Shot","2PT Field Goal",1,"Chicago Bulls",3,17,0,0.00,,0.00,0.00
"DeAndre Jordan","LA Clippers",2018-03-20,2017,3442,1610612746,400975806,1,6,09,1,"Putback Dunk Shot","2PT Field Goal",0,"Minnesota Timberwolves",0,7,0,0.00,,0.00,0.00
"DeAndre Jordan","LA Clippers",2018-04-09,2017,3442,1610612746,400975958,2,3,08,1,"Putback Dunk Shot","2PT Field Goal",1,"New Orleans Pelicans",16,5,0,0.00,,0.00,0.00
"DeAndre Jordan","LA Clippers",2017-10-19,2017,3442,1610612746,400974442,3,10,17,1,"Putback Dunk Shot","2PT Field Goal",0,"Los Angeles Lakers",0,-6,0,0.00,,0.00,0.00
"DeAndre Jordan","LA Clippers",2018-03-16,2017,3442,1610612746,400975778,2,6,16,1,"Putback Dunk Shot","2PT Field Goal",0,"Oklahoma City Thunder",0,-6,0,0.00,,0.00,0.00
"DeAndre Jordan","LA Clippers",2018-04-01,2017,3442,1610612746,400975892,1,10,07,1,"Putback Dunk Shot","2PT Field Goal",0,"Indiana Pacers",0,-6,0,0.00,,0.00,0.00
"DeAndre Jordan","LA Clippers",2018-02-27,2017,3442,1610612746,400975658,3,7,18,1,"Putback Dunk Shot","2PT Field Goal",1,"Denver Nuggets",6,15,0,0.00,,0.00,0.00
"DeAndre Jordan","LA Clippers",2018-03-23,2017,3442,1610612746,400975824,3,3,50,1,"Putback Dunk Shot","2PT Field Goal",0,"Indiana Pacers",0,-6,0,0.00,,0.00,0.00
"DeAndre Jordan","LA Clippers",2018-01-10,2017,3442,1610612746,400975359,2,5,32,1,"Putback Dunk Shot","2PT Field Goal",0,"Golden State Warriors",0,-6,0,0.00,,0.00,0.00
"DeAndre Jordan","LA Clippers",2018-03-25,2017,3442,1610612746,400975843,2,0,26,1,"Putback Dunk Shot","2PT Field Goal",3,"Toronto Raptors",1,30,0,0.00,,0.00,0.00
"DeAndre Jordan","LA Clippers",2018-03-21,2017,3442,1610612746,0,1,5,38,1,"Putback Dunk Shot","2PT Field Goal",1,"Milwaukee Bucks",-6,9,0,0.00,,0.00,0.00
"DeAndre Jordan","LA Clippers",2018-03-21,2017,3442,1610612746,0,1,9,33,1,"Putback Dunk Shot","2PT Field Goal",1,"Milwaukee Bucks",-10,-4,0,0.00,,0.00,0.00
"DeAndre Jordan","LA Clippers",2018-03-18,2017,3442,1610612746,400975795,1,3,01,1,"Putback Layup Shot","2PT Field Goal",0,"Portland Trail Blazers",0,-6,0,0.00,,0.00,0.00
"DeAndre Jordan","LA Clippers",2017-12-29,2017,3442,1610612746,400975275,3,3,02,1,"Putback Layup Shot","2PT Field Goal",2,"Los Angeles Lakers",8,25,0,0.00,,0.00,0.00
"DeAndre Jordan","LA Clippers",2017-12-26,2017,3442,1610612746,400975251,1,4,12,1,"Putback Layup Shot","2PT Field Goal",0,"Sacramento Kings",0,-6,0,0.00,,0.00,0.00
"DeAndre Jordan","LA Clippers",2018-04-03,2017,3442,1610612746,400975914,2,3,33,1,"Putback Layup Shot","2PT Field Goal",1,"San Antonio Spurs",5,12,0,0.00,,0.00,0.00
"DeAndre Jordan","LA Clippers",2017-12-06,2017,3442,1610612746,400975113,4,4,31,1,"Putback Layup Shot","2PT Field Goal",0,"Minnesota Timberwolves",0,-6,0,0.00,,0.00,0.00
"DeAndre Jordan","LA Clippers",2017-11-30,2017,3442,1610612746,400975068,1,7,22,1,"Putback Layup Shot","2PT Field Goal",1,"Utah Jazz",-14,11,0,0.00,,0.00,0.00
"DeAndre Jordan","LA Clippers",2018-04-03,2017,3442,1610612746,400975914,3,5,29,1,"Putback Layup Shot","2PT Field Goal",1,"San Antonio Spurs",6,13,0,0.00,,0.00,0.00
"DeAndre Jordan","LA Clippers",2017-12-26,2017,3442,1610612746,400975251,3,10,14,1,"Putback Layup Shot","2PT Field Goal",0,"Sacramento Kings",0,-6,0,0.00,,0.00,0.00
"DeAndre Jordan","LA Clippers",2018-03-20,2017,3442,1610612746,400975806,3,4,17,1,"Putback Layup Shot","2PT Field Goal",0,"Minnesota Timberwolves",0,-6,0,0.00,,0.00,0.00
"DeAndre Jordan","LA Clippers",2018-01-28,2017,3442,1610612746,400975479,2,1,35,1,"Putback Layup Shot","2PT Field Goal",0,"New Orleans Pelicans",0,-6,0,0.00,,0.00,0.00
"DeAndre Jordan","LA Clippers",2018-04-07,2017,3442,1610612746,400975937,1,5,46,1,"Putback Layup Shot","2PT Field Goal",0,"Denver Nuggets",0,-6,0,0.00,,0.00,0.00
"DeAndre Jordan","LA Clippers",2018-04-07,2017,3442,1610612746,400975937,2,8,33,1,"Putback Layup Shot","2PT Field Goal",0,"Denver Nuggets",0,-6,0,0.00,,0.00,0.00
"DeAndre Jordan","LA Clippers",2018-03-21,2017,3442,1610612746,0,2,2,38,1,"Putback Layup Shot","2PT Field Goal",3,"Milwaukee Bucks",3,38,0,0.00,,0.00,0.00
"DeAndre Jordan","LA Clippers",2018-02-12,2017,3442,1610612746,400975589,3,0,00,1,"Putback Layup Shot","2PT Field Goal",0,"Brooklyn Nets",0,-6,0,0.00,,0.00,0.00
"DeAndre Jordan","LA Clippers",2017-12-02,2017,3442,1610612746,400975078,1,0,35,1,"Putback Layup Shot","2PT Field Goal",0,"Dallas Mavericks",0,-6,0,0.00,,0.00,0.00
"DeAndre Jordan","LA Clippers",2017-12-02,2017,3442,1610612746,400975078,2,2,30,1,"Putback Layup Shot","2PT Field Goal",0,"Dallas Mavericks",0,-6,0,0.00,,0.00,0.00
"DeAndre Jordan","LA Clippers",2018-03-02,2017,3442,1610612746,400975681,1,9,06,1,"Putback Layup Shot","2PT Field Goal",0,"New York Knicks",0,-6,0,0.00,,0.00,0.00
"DeAndre Jordan","LA Clippers",2018-03-16,2017,3442,1610612746,400975778,3,2,56,1,"Putback Layup Shot","2PT Field Goal",0,"Oklahoma City Thunder",0,3,0,0.00,,0.00,0.00
"DeAndre Jordan","LA Clippers",2018-03-02,2017,3442,1610612746,400975681,2,0,29,0,"Putback Layup Shot","2PT Field Goal",1,"New York Knicks",-11,15,0,0.00,,0.00,0.00
"DeAndre Jordan","LA Clippers",2017-12-09,2017,3442,1610612746,400975126,2,1,01,1,"Putback Layup Shot","2PT Field Goal",0,"Washington Wizards",0,-6,0,0.00,,0.00,0.00
"DeAndre Jordan","LA Clippers",2017-11-05,2017,3442,1610612746,400974888,4,3,17,1,"Putback Layup Shot","2PT Field Goal",1,"Miami Heat",15,6,0,0.00,,0.00,0.00
"DeAndre Jordan","LA Clippers",2017-11-05,2017,3442,1610612746,400974888,2,8,43,1,"Putback Layup Shot","2PT Field Goal",0,"Miami Heat",-3,8,0,0.00,,0.00,0.00
"DeAndre Jordan","LA Clippers",2018-03-18,2017,3442,1610612746,400975795,3,5,03,1,"Putback Layup Shot","2PT Field Goal",0,"Portland Trail Blazers",0,-6,0,0.00,,0.00,0.00
"DeAndre Jordan","LA Clippers",2017-11-10,2017,3442,1610612746,400974923,3,7,12,0,"Putback Layup Shot","2PT Field Goal",0,"Oklahoma City Thunder",7,-4,0,0.00,,0.00,0.00
"DeAndre Jordan","LA Clippers",2018-01-28,2017,3442,1610612746,400975479,1,11,12,0,"Putback Layup Shot","2PT Field Goal",0,"New Orleans Pelicans",0,-6,0,0.00,,0.00,0.00
"DeAndre Jordan","LA Clippers",2017-12-11,2017,3442,1610612746,400975147,2,1,17,1,"Reverse Dunk Shot","2PT Field Goal",0,"Toronto Raptors",2,1,0,0.00,,0.00,0.00
"DeAndre Jordan","LA Clippers",2018-04-07,2017,3442,1610612746,400975937,3,10,25,1,"Reverse Layup Shot","2PT Field Goal",1,"Denver Nuggets",-12,6,0,0.00,,0.00,0.00
"DeAndre Jordan","LA Clippers",2018-04-07,2017,3442,1610612746,400975937,2,8,01,1,"Reverse Layup Shot","2PT Field Goal",1,"Denver Nuggets",-6,13,0,0.00,,0.00,0.00
"DeAndre Jordan","LA Clippers",2018-03-21,2017,3442,1610612746,0,3,4,47,1,"Reverse Layup Shot","2PT Field Goal",1,"Milwaukee Bucks",16,11,0,0.00,,0.00,0.00
"DeAndre Jordan","LA Clippers",2018-03-23,2017,3442,1610612746,400975824,1,4,25,1,"Reverse Layup Shot","2PT Field Goal",1,"Indiana Pacers",-2,10,0,0.00,,0.00,0.00
"DeAndre Jordan","LA Clippers",2018-01-04,2017,3442,1610612746,400975313,1,2,52,1,"Reverse Layup Shot","2PT Field Goal",0,"Oklahoma City Thunder",-8,-2,0,0.00,,0.00,0.00
"DeAndre Jordan","LA Clippers",2018-03-20,2017,3442,1610612746,400975806,2,0,43,1,"Reverse Layup Shot","2PT Field Goal",1,"Minnesota Timberwolves",-3,11,0,0.00,,0.00,0.00
"DeAndre Jordan","LA Clippers",2018-03-28,2017,3442,1610612746,400975868,1,6,01,1,"Reverse Layup Shot","2PT Field Goal",0,"Phoenix Suns",-5,0,0,0.00,,0.00,0.00
"DeAndre Jordan","LA Clippers",2018-04-01,2017,3442,1610612746,400975892,1,11,35,0,"Reverse Layup Shot","2PT Field Goal",1,"Indiana Pacers",-15,4,0,0.00,,0.00,0.00
"DeAndre Jordan","LA Clippers",2018-01-24,2017,3442,1610612746,400975455,4,5,14,1,"Reverse Layup Shot","2PT Field Goal",0,"Boston Celtics",-3,9,0,0.00,,0.00,0.00
"DeAndre Jordan","LA Clippers",2017-11-27,2017,3442,1610612746,400975048,1,11,18,1,"Running Alley Oop Dunk Shot","2PT Field Goal",0,"Los Angeles Lakers",8,0,0,0.00,,0.00,0.00
"DeAndre Jordan","LA Clippers",2018-03-02,2017,3442,1610612746,400975681,1,4,16,1,"Running Alley Oop Dunk Shot","2PT Field Goal",0,"New York Knicks",-2,6,0,0.00,,0.00,0.00
"DeAndre Jordan","LA Clippers",2017-12-20,2017,3442,1610612746,400975216,1,6,12,1,"Running Alley Oop Dunk Shot","2PT Field Goal",0,"Phoenix Suns",5,8,0,0.00,,0.00,0.00
"DeAndre Jordan","LA Clippers",2018-03-25,2017,3442,1610612746,400975843,3,9,37,1,"Running Alley Oop Dunk Shot","2PT Field Goal",2,"Toronto Raptors",-20,5,0,0.00,,0.00,0.00
"DeAndre Jordan","LA Clippers",2017-12-20,2017,3442,1610612746,400975216,3,3,56,1,"Running Alley Oop Dunk Shot","2PT Field Goal",0,"Phoenix Suns",0,-6,0,0.00,,0.00,0.00
"DeAndre Jordan","LA Clippers",2017-12-29,2017,3442,1610612746,400975275,2,8,04,1,"Running Alley Oop Dunk Shot","2PT Field Goal",2,"Los Angeles Lakers",-2,23,0,0.00,,0.00,0.00
"DeAndre Jordan","LA Clippers",2017-12-11,2017,3442,1610612746,400975147,2,4,58,1,"Running Alley Oop Dunk Shot","2PT Field Goal",1,"Toronto Raptors",8,16,0,0.00,,0.00,0.00
"DeAndre Jordan","LA Clippers",2018-04-01,2017,3442,1610612746,400975892,1,9,31,1,"Running Alley Oop Dunk Shot","2PT Field Goal",0,"Indiana Pacers",1,3,0,0.00,,0.00,0.00
"DeAndre Jordan","LA Clippers",2017-10-24,2017,3442,1610612746,400974805,4,1,40,1,"Running Alley Oop Dunk Shot","2PT Field Goal",5,"Utah Jazz",11,57,0,0.00,,0.00,0.00
"DeAndre Jordan","LA Clippers",2017-11-05,2017,3442,1610612746,400974888,3,6,53,1,"Running Alley Oop Dunk Shot","2PT Field Goal",0,"Miami Heat",-6,-1,0,0.00,,0.00,0.00
"DeAndre Jordan","LA Clippers",2018-01-26,2017,3442,1610612746,400975464,3,10,49,1,"Running Alley Oop Dunk Shot","2PT Field Goal",1,"Memphis Grizzlies",-10,16,0,0.00,,0.00,0.00
"DeAndre Jordan","LA Clippers",2018-03-04,2017,3442,1610612746,400975694,1,1,00,1,"Running Alley Oop Dunk Shot","2PT Field Goal",1,"Brooklyn Nets",-3,12,0,0.00,,0.00,0.00
"DeAndre Jordan","LA Clippers",2017-10-21,2017,3442,1610612746,400974788,3,6,07,1,"Running Alley Oop Dunk Shot","2PT Field Goal",0,"Phoenix Suns",7,1,0,0.00,,0.00,0.00
"DeAndre Jordan","LA Clippers",2018-01-04,2017,3442,1610612746,400975313,1,3,29,1,"Running Alley Oop Dunk Shot","2PT Field Goal",1,"Oklahoma City Thunder",-6,14,0,0.00,,0.00,0.00
"DeAndre Jordan","LA Clippers",2018-03-04,2017,3442,1610612746,400975694,3,3,17,0,"Running Alley Oop Layup Shot","2PT Field Goal",1,"Brooklyn Nets",5,10,0,0.00,,0.00,0.00
"DeAndre Jordan","LA Clippers",2018-01-08,2017,3442,1610612746,400975344,1,4,20,1,"Running Dunk Shot","2PT Field Goal",0,"Atlanta Hawks",3,6,0,0.00,,0.00,0.00
"DeAndre Jordan","LA Clippers",2018-02-14,2017,3442,1610612746,400975604,1,7,42,1,"Running Dunk Shot","2PT Field Goal",1,"Boston Celtics",-2,19,0,0.00,,0.00,0.00
"DeAndre Jordan","LA Clippers",2018-02-23,2017,3442,1610612746,400975627,4,1,30,1,"Running Dunk Shot","2PT Field Goal",0,"Phoenix Suns",-3,-1,0,0.00,,0.00,0.00
"DeAndre Jordan","LA Clippers",2017-10-24,2017,3442,1610612746,400974805,3,7,05,1,"Running Dunk Shot","2PT Field Goal",1,"Utah Jazz",-6,10,0,0.00,,0.00,0.00
"DeAndre Jordan","LA Clippers",2018-02-22,2017,3442,1610612746,400975618,3,9,01,1,"Running Dunk Shot","2PT Field Goal",1,"Golden State Warriors",-2,13,0,0.00,,0.00,0.00
"DeAndre Jordan","LA Clippers",2018-02-22,2017,3442,1610612746,400975618,1,10,37,1,"Running Dunk Shot","2PT Field Goal",1,"Golden State Warriors",-11,13,0,0.00,,0.00,0.00
"DeAndre Jordan","LA Clippers",2018-01-02,2017,3442,1610612746,400975299,2,4,56,1,"Running Dunk Shot","2PT Field Goal",2,"Memphis Grizzlies",8,20,0,0.00,,0.00,0.00
"DeAndre Jordan","LA Clippers",2018-01-26,2017,3442,1610612746,400975464,2,1,19,1,"Running Dunk Shot","2PT Field Goal",1,"Memphis Grizzlies",2,16,0,0.00,,0.00,0.00
"DeAndre Jordan","LA Clippers",2018-01-26,2017,3442,1610612746,400975464,2,7,33,1,"Running Dunk Shot","2PT Field Goal",0,"Memphis Grizzlies",-1,8,0,0.00,,0.00,0.00
"DeAndre Jordan","LA Clippers",2018-03-04,2017,3442,1610612746,400975694,1,10,03,0,"Running Finger Roll Layup Shot","2PT Field Goal",1,"Brooklyn Nets",-9,10,0,0.00,,0.00,0.00
"DeAndre Jordan","LA Clippers",2018-01-26,2017,3442,1610612746,400975464,2,3,52,1,"Running Layup Shot","2PT Field Goal",4,"Memphis Grizzlies",-44,23,0,0.00,,0.00,0.00
"DeAndre Jordan","LA Clippers",2018-04-09,2017,3442,1610612746,400975958,1,6,53,0,"Running Layup Shot","2PT Field Goal",1,"New Orleans Pelicans",-8,9,0,0.00,,0.00,0.00
"DeAndre Jordan","LA Clippers",2017-11-17,2017,3442,1610612746,400974971,3,6,10,0,"Step Back Jump shot","2PT Field Goal",16,"Cleveland Cavaliers",-104,127,0,0.00,,0.00,0.00
"DeAndre Jordan","LA Clippers",2017-11-10,2017,3442,1610612746,400974923,4,1,57,0,"Tip Dunk Shot","2PT Field Goal",0,"Oklahoma City Thunder",0,-6,0,0.00,,0.00,0.00
"DeAndre Jordan","LA Clippers",2017-12-22,2017,3442,1610612746,400975226,3,10,38,1,"Tip Dunk Shot","2PT Field Goal",0,"Houston Rockets",0,-6,0,0.00,,0.00,0.00
"DeAndre Jordan","LA Clippers",2018-03-02,2017,3442,1610612746,400975681,1,6,19,1,"Tip Dunk Shot","2PT Field Goal",0,"New York Knicks",0,-6,0,0.00,,0.00,0.00
"DeAndre Jordan","LA Clippers",2018-01-08,2017,3442,1610612746,400975344,1,7,42,1,"Tip Dunk Shot","2PT Field Goal",0,"Atlanta Hawks",0,-6,0,0.00,,0.00,0.00
"DeAndre Jordan","LA Clippers",2018-01-08,2017,3442,1610612746,400975344,3,8,15,1,"Tip Dunk Shot","2PT Field Goal",0,"Atlanta Hawks",0,-6,0,0.00,,0.00,0.00
"DeAndre Jordan","LA Clippers",2018-01-08,2017,3442,1610612746,400975344,2,2,17,1,"Tip Dunk Shot","2PT Field Goal",0,"Atlanta Hawks",0,-6,0,0.00,,0.00,0.00
"DeAndre Jordan","LA Clippers",2018-01-08,2017,3442,1610612746,400975344,1,1,58,1,"Tip Dunk Shot","2PT Field Goal",0,"Atlanta Hawks",0,-6,0,0.00,,0.00,0.00
"DeAndre Jordan","LA Clippers",2017-11-30,2017,3442,1610612746,400975068,1,8,08,1,"Tip Dunk Shot","2PT Field Goal",0,"Utah Jazz",0,-6,0,0.00,,0.00,0.00
"DeAndre Jordan","LA Clippers",2017-12-16,2017,3442,1610612746,400975183,2,0,02,0,"Tip Dunk Shot","2PT Field Goal",0,"Miami Heat",0,-6,0,0.00,,0.00,0.00
"DeAndre Jordan","LA Clippers",2017-12-16,2017,3442,1610612746,400975183,1,5,47,1,"Tip Dunk Shot","2PT Field Goal",0,"Miami Heat",0,-6,0,0.00,,0.00,0.00
"DeAndre Jordan","LA Clippers",2017-12-06,2017,3442,1610612746,400975113,3,2,03,1,"Tip Dunk Shot","2PT Field Goal",0,"Minnesota Timberwolves",0,-6,0,0.00,,0.00,0.00
"DeAndre Jordan","LA Clippers",2017-11-17,2017,3442,1610612746,400974971,1,3,09,1,"Tip Dunk Shot","2PT Field Goal",0,"Cleveland Cavaliers",0,-6,0,0.00,,0.00,0.00
"DeAndre Jordan","LA Clippers",2018-04-11,2017,3442,1610612746,400975974,2,0,35,1,"Tip Dunk Shot","2PT Field Goal",0,"Los Angeles Lakers",0,-6,0,0.00,,0.00,0.00
"DeAndre Jordan","LA Clippers",2017-11-05,2017,3442,1610612746,400974888,1,11,17,1,"Tip Dunk Shot","2PT Field Goal",0,"Miami Heat",0,-6,0,0.00,,0.00,0.00
"DeAndre Jordan","LA Clippers",2018-01-04,2017,3442,1610612746,400975313,3,0,54,1,"Tip Dunk Shot","2PT Field Goal",0,"Oklahoma City Thunder",0,-6,0,0.00,,0.00,0.00
"DeAndre Jordan","LA Clippers",2018-02-05,2017,3442,1610612746,400975542,4,6,36,1,"Tip Dunk Shot","2PT Field Goal",0,"Dallas Mavericks",0,-6,0,0.00,,0.00,0.00
"DeAndre Jordan","LA Clippers",2018-03-28,2017,3442,1610612746,400975868,3,4,04,1,"Tip Dunk Shot","2PT Field Goal",0,"Phoenix Suns",0,-6,0,0.00,,0.00,0.00
"DeAndre Jordan","LA Clippers",2018-03-16,2017,3442,1610612746,400975778,1,6,26,0,"Tip Layup Shot","2PT Field Goal",0,"Oklahoma City Thunder",0,-6,0,0.00,,0.00,0.00
"DeAndre Jordan","LA Clippers",2018-01-10,2017,3442,1610612746,400975359,1,6,57,0,"Tip Layup Shot","2PT Field Goal",0,"Golden State Warriors",0,-6,0,0.00,,0.00,0.00
"DeAndre Jordan","LA Clippers",2017-12-02,2017,3442,1610612746,400975078,1,6,35,1,"Tip Layup Shot","2PT Field Goal",0,"Dallas Mavericks",0,-6,0,0.00,,0.00,0.00
"DeAndre Jordan","LA Clippers",2018-02-14,2017,3442,1610612746,400975604,1,4,02,0,"Tip Layup Shot","2PT Field Goal",1,"Boston Celtics",0,15,0,0.00,,0.00,0.00
"DeAndre Jordan","LA Clippers",2018-02-12,2017,3442,1610612746,400975589,2,2,28,0,"Tip Layup Shot","2PT Field Goal",0,"Brooklyn Nets",0,-6,0,0.00,,0.00,0.00
"DeAndre Jordan","LA Clippers",2018-02-12,2017,3442,1610612746,400975589,3,8,10,1,"Tip Layup Shot","2PT Field Goal",0,"Brooklyn Nets",0,-6,0,0.00,,0.00,0.00
"DeAndre Jordan","LA Clippers",2017-12-02,2017,3442,1610612746,400975078,1,7,22,1,"Tip Layup Shot","2PT Field Goal",0,"Dallas Mavericks",0,-6,0,0.00,,0.00,0.00
"DeAndre Jordan","LA Clippers",2017-12-13,2017,3442,1610612746,400975156,3,5,58,1,"Tip Layup Shot","2PT Field Goal",0,"Orlando Magic",0,-6,0,0.00,,0.00,0.00
"DeAndre Jordan","LA Clippers",2018-03-25,2017,3442,1610612746,400975843,3,6,16,0,"Tip Layup Shot","2PT Field Goal",0,"Toronto Raptors",0,-6,0,0.00,,0.00,0.00
"DeAndre Jordan","LA Clippers",2017-12-13,2017,3442,1610612746,400975156,3,5,59,0,"Tip Layup Shot","2PT Field Goal",0,"Orlando Magic",0,-6,0,0.00,,0.00,0.00
"DeAndre Jordan","LA Clippers",2017-11-22,2017,3442,1610612746,400975007,3,4,29,1,"Tip Layup Shot","2PT Field Goal",0,"Atlanta Hawks",0,-6,0,0.00,,0.00,0.00
"DeAndre Jordan","LA Clippers",2018-03-28,2017,3442,1610612746,400975868,2,2,07,0,"Tip Layup Shot","2PT Field Goal",1,"Phoenix Suns",2,17,0,0.00,,0.00,0.00
"DeAndre Jordan","LA Clippers",2018-01-24,2017,3442,1610612746,400975455,3,3,54,0,"Tip Layup Shot","2PT Field Goal",0,"Boston Celtics",0,-6,0,0.00,,0.00,0.00
"DeAndre Jordan","LA Clippers",2017-11-20,2017,3442,1610612746,400974996,4,10,15,0,"Tip Layup Shot","2PT Field Goal",0,"New York Knicks",0,-6,0,0.00,,0.00,0.00
"DeAndre Jordan","LA Clippers",2017-10-21,2017,3442,1610612746,400974788,2,4,47,1,"Tip Layup Shot","2PT Field Goal",0,"Phoenix Suns",0,-6,0,0.00,,0.00,0.00
"DeAndre Jordan","LA Clippers",2017-12-22,2017,3442,1610612746,400975226,1,5,05,0,"Tip Layup Shot","2PT Field Goal",1,"Houston Rockets",-4,15,0,0.00,,0.00,0.00
"DeAndre Jordan","LA Clippers",2017-12-11,2017,3442,1610612746,400975147,3,2,09,1,"Tip Layup Shot","2PT Field Goal",0,"Toronto Raptors",0,-6,0,0.00,,0.00,0.00
"DeAndre Jordan","LA Clippers",2017-10-21,2017,3442,1610612746,400974788,3,8,00,0,"Tip Layup Shot","2PT Field Goal",0,"Phoenix Suns",0,-6,0,0.00,,0.00,0.00
"DeAndre Jordan","LA Clippers",2017-11-20,2017,3442,1610612746,400974996,3,8,36,1,"Tip Layup Shot","2PT Field Goal",0,"New York Knicks",0,-6,0,0.00,,0.00,0.00
"DeAndre Jordan","LA Clippers",2018-03-16,2017,3442,1610612746,400975778,1,6,25,0,"Tip Layup Shot","2PT Field Goal",0,"Oklahoma City Thunder",0,-6,0,0.00,,0.00,0.00
"DeAndre Jordan","LA Clippers",2018-01-28,2017,3442,1610612746,400975479,2,1,37,0,"Tip Layup Shot","2PT Field Goal",2,"New Orleans Pelicans",19,13,0,0.00,,0.00,0.00
"DeAndre Jordan","LA Clippers",2018-01-10,2017,3442,1610612746,400975359,1,6,59,0,"Tip Layup Shot","2PT Field Goal",0,"Golden State Warriors",0,-6,0,0.00,,0.00,0.00
"DeAndre Jordan","LA Clippers",2018-02-14,2017,3442,1610612746,400975604,1,5,52,1,"Tip Layup Shot","2PT Field Goal",0,"Boston Celtics",0,-6,0,0.00,,0.00,0.00
"DeAndre Jordan","LA Clippers",2018-04-07,2017,3442,1610612746,400975937,4,6,40,1,"Tip Layup Shot","2PT Field Goal",0,"Denver Nuggets",0,-6,0,0.00,,0.00,0.00
"DeAndre Jordan","LA Clippers",2018-04-07,2017,3442,1610612746,400975937,2,8,36,0,"Tip Layup Shot","2PT Field Goal",0,"Denver Nuggets",0,-6,0,0.00,,0.00,0.00
"DeAndre Jordan","LA Clippers",2018-02-03,2017,3442,1610612746,400975521,1,8,43,0,"Tip Layup Shot","2PT Field Goal",0,"Chicago Bulls",0,-6,0,0.00,,0.00,0.00
"DeAndre Jordan","LA Clippers",2018-02-03,2017,3442,1610612746,400975521,3,7,57,0,"Tip Layup Shot","2PT Field Goal",0,"Chicago Bulls",0,-6,0,0.00,,0.00,0.00
"DeAndre Jordan","LA Clippers",2017-11-18,2017,3442,1610612746,400974979,4,3,07,0,"Tip Layup Shot","2PT Field Goal",0,"Charlotte Hornets",0,-6,0,0.00,,0.00,0.00
"DeAndre Jordan","LA Clippers",2017-11-25,2017,3442,1610612746,400975037,4,1,34,0,"Tip Layup Shot","2PT Field Goal",0,"Sacramento Kings",0,-6,0,0.00,,0.00,0.00
"DeAndre Jordan","LA Clippers",2018-03-04,2017,3442,1610612746,400975694,3,9,46,1,"Tip Layup Shot","2PT Field Goal",0,"Brooklyn Nets",0,-6,0,0.00,,0.00,0.00
"DeAndre Jordan","LA Clippers",2017-11-10,2017,3442,1610612746,400974923,3,9,08,1,"Tip Layup Shot","2PT Field Goal",0,"Oklahoma City Thunder",0,-6,0,0.00,,0.00,0.00
"DeAndre Jordan","LA Clippers",2017-11-10,2017,3442,1610612746,400974923,3,7,30,0,"Tip Layup Shot","2PT Field Goal",0,"Oklahoma City Thunder",0,-6,0,0.00,,0.00,0.00
"DeAndre Jordan","LA Clippers",2017-11-10,2017,3442,1610612746,400974923,1,9,10,0,"Tip Layup Shot","2PT Field Goal",0,"Oklahoma City Thunder",0,-6,0,0.00,,0.00,0.00
"DeAndre Jordan","LA Clippers",2017-11-05,2017,3442,1610612746,400974888,4,1,03,0,"Tip Layup Shot","2PT Field Goal",0,"Miami Heat",0,-6,0,0.00,,0.00,0.00
"DeAndre Jordan","LA Clippers",2018-04-07,2017,3442,1610612746,400975937,2,5,50,0,"Tip Layup Shot","2PT Field Goal",0,"Denver Nuggets",0,-6,0,0.00,,0.00,0.00
"DeAndre Jordan","LA Clippers",2018-04-03,2017,3442,1610612746,400975914,3,11,24,0,"Tip Layup Shot","2PT Field Goal",0,"San Antonio Spurs",0,-6,0,0.00,,0.00,0.00
"DeAndre Jordan","LA Clippers",2018-01-04,2017,3442,1610612746,400975313,2,1,09,1,"Tip Layup Shot","2PT Field Goal",0,"Oklahoma City Thunder",0,-6,0,0.00,,0.00,0.00
"DeAndre Jordan","LA Clippers",2017-10-26,2017,3442,1610612746,400974819,3,7,39,1,"Tip Layup Shot","2PT Field Goal",0,"Portland Trail Blazers",0,-6,0,0.00,,0.00,0.00
"DeAndre Jordan","LA Clippers",2017-10-26,2017,3442,1610612746,400974819,4,2,32,0,"Tip Layup Shot","2PT Field Goal",0,"Portland Trail Blazers",0,-6,0,0.00,,0.00,0.00
"DeAndre Jordan","LA Clippers",2017-12-23,2017,3442,1610612746,400975238,2,5,42,0,"Tip Layup Shot","2PT Field Goal",0,"Memphis Grizzlies",0,-6,0,0.00,,0.00,0.00
"DeAndre Jordan","LA Clippers",2017-11-17,2017,3442,1610612746,400974971,2,1,56,1,"Tip Layup Shot","2PT Field Goal",0,"Cleveland Cavaliers",0,-6,0,0.00,,0.00,0.00
"DeAndre Jordan","LA Clippers",2018-01-04,2017,3442,1610612746,400975313,1,5,50,1,"Tip Layup Shot","2PT Field Goal",0,"Oklahoma City Thunder",0,-6,0,0.00,,0.00,0.00
"DeAndre Jordan","LA Clippers",2017-11-05,2017,3442,1610612746,400974888,1,9,30,0,"Tip Layup Shot","2PT Field Goal",0,"Miami Heat",0,-6,0,0.00,,0.00,0.00
"DeAndre Jordan","LA Clippers",2017-11-05,2017,3442,1610612746,400974888,1,9,33,0,"Tip Layup Shot","2PT Field Goal",1,"Miami Heat",2,13,0,0.00,,0.00,0.00
"DeAndre Jordan","LA Clippers",2018-04-01,2017,3442,1610612746,400975892,4,0,14,0,"Tip Layup Shot","2PT Field Goal",0,"Indiana Pacers",0,-6,0,0.00,,0.00,0.00
"DeAndre Jordan","LA Clippers",2017-11-17,2017,3442,1610612746,400974971,3,3,29,0,"Tip Layup Shot","2PT Field Goal",0,"Cleveland Cavaliers",0,-6,0,0.00,,0.00,0.00
"DeAndre Jordan","LA Clippers",2018-04-01,2017,3442,1610612746,400975892,2,0,55,0,"Tip Layup Shot","2PT Field Goal",0,"Indiana Pacers",0,-6,0,0.00,,0.00,0.00
"DeAndre Jordan","LA Clippers",2018-04-01,2017,3442,1610612746,400975892,3,5,54,1,"Tip Layup Shot","2PT Field Goal",0,"Indiana Pacers",0,-6,0,0.00,,0.00,0.00
"DeAndre Jordan","LA Clippers",2018-03-30,2017,3442,1610612746,400975883,2,1,27,1,"Tip Layup Shot","2PT Field Goal",0,"Portland Trail Blazers",0,-6,0,0.00,,0.00,0.00
"DeAndre Jordan","LA Clippers",2018-03-30,2017,3442,1610612746,400975883,2,0,32,1,"Tip Layup Shot","2PT Field Goal",0,"Portland Trail Blazers",0,-6,0,0.00,,0.00,0.00
"DeAndre Jordan","LA Clippers",2018-03-30,2017,3442,1610612746,400975883,1,5,51,0,"Tip Layup Shot","2PT Field Goal",0,"Portland Trail Blazers",0,-6,0,0.00,,0.00,0.00
"DeAndre Jordan","LA Clippers",2017-12-11,2017,3442,1610612746,400975147,4,0,59,1,"Tip Layup Shot","2PT Field Goal",0,"Toronto Raptors",0,-6,0,0.00,,0.00,0.00
"DeAndre Jordan","LA Clippers",2017-10-19,2017,3442,1610612746,400974442,1,7,14,0,"Tip Layup Shot","2PT Field Goal",0,"Los Angeles Lakers",0,-6,0,0.00,,0.00,0.00
"DeAndre Jordan","LA Clippers",2017-10-19,2017,3442,1610612746,400974442,1,10,27,0,"Tip Layup Shot","2PT Field Goal",0,"Los Angeles Lakers",0,-6,0,0.00,,0.00,0.00
"DeAndre Jordan","LA Clippers",2017-10-19,2017,3442,1610612746,400974442,2,7,48,1,"Tip Layup Shot","2PT Field Goal",0,"Los Angeles Lakers",0,-6,0,0.00,,0.00,0.00
"DeAndre Jordan","LA Clippers",2017-12-03,2017,3442,1610612746,400975087,1,4,47,1,"Tip Layup Shot","2PT Field Goal",0,"Minnesota Timberwolves",0,-6,0,0.00,,0.00,0.00
"DeAndre Jordan","LA Clippers",2017-12-06,2017,3442,1610612746,400975113,3,5,46,1,"Tip Layup Shot","2PT Field Goal",0,"Minnesota Timberwolves",0,-6,0,0.00,,0.00,0.00
"DeAndre Jordan","LA Clippers",2017-12-06,2017,3442,1610612746,400975113,3,5,48,0,"Tip Layup Shot","2PT Field Goal",0,"Minnesota Timberwolves",0,-6,0,0.00,,0.00,0.00
"DeAndre Jordan","LA Clippers",2017-12-06,2017,3442,1610612746,400975113,2,0,33,0,"Tip Layup Shot","2PT Field Goal",0,"Minnesota Timberwolves",0,-6,0,0.00,,0.00,0.00
"DeAndre Jordan","LA Clippers",2018-02-22,2017,3442,1610612746,400975618,3,11,26,0,"Tip Layup Shot","2PT Field Goal",0,"Golden State Warriors",0,-6,0,0.00,,0.00,0.00
"DeAndre Jordan","LA Clippers",2018-02-22,2017,3442,1610612746,400975618,3,5,56,0,"Tip Layup Shot","2PT Field Goal",0,"Golden State Warriors",0,-6,0,0.00,,0.00,0.00
"DeAndre Jordan","LA Clippers",2018-02-22,2017,3442,1610612746,400975618,1,9,40,1,"Tip Layup Shot","2PT Field Goal",0,"Golden State Warriors",0,-6,0,0.00,,0.00,0.00
"DeAndre Jordan","LA Clippers",2017-12-06,2017,3442,1610612746,400975113,4,5,01,1,"Tip Layup Shot","2PT Field Goal",0,"Minnesota Timberwolves",0,-6,0,0.00,,0.00,0.00
"DeAndre Jordan","LA Clippers",2017-10-28,2017,3442,1610612746,400974835,4,3,23,0,"Tip Layup Shot","2PT Field Goal",0,"Detroit Pistons",0,-6,0,0.00,,0.00,0.00
"DeAndre Jordan","LA Clippers",2017-10-28,2017,3442,1610612746,400974835,1,9,21,0,"Tip Layup Shot","2PT Field Goal",0,"Detroit Pistons",0,-6,0,0.00,,0.00,0.00
"DeAndre Jordan","LA Clippers",2017-12-16,2017,3442,1610612746,400975183,4,4,36,0,"Tip Layup Shot","2PT Field Goal",1,"Miami Heat",-3,13,0,0.00,,0.00,0.00
"DeAndre Jordan","LA Clippers",2017-11-30,2017,3442,1610612746,400975068,1,8,11,0,"Tip Layup Shot","2PT Field Goal",0,"Utah Jazz",0,-6,0,0.00,,0.00,0.00
"DeAndre Jordan","LA Clippers",2017-10-28,2017,3442,1610612746,400974835,1,3,16,0,"Tip Layup Shot","2PT Field Goal",0,"Detroit Pistons",0,-6,0,0.00,,0.00,0.00
"DeAndre Jordan","LA Clippers",2018-01-08,2017,3442,1610612746,400975344,2,4,12,1,"Tip Layup Shot","2PT Field Goal",0,"Atlanta Hawks",0,-6,0,0.00,,0.00,0.00
"DeAndre Jordan","LA Clippers",2018-02-14,2017,3442,1610612746,400975604,3,7,43,1,"Tip Layup Shot","2PT Field Goal",0,"Boston Celtics",0,-6,0,0.00,,0.00,0.00
"DeAndre Jordan","LA Clippers",2018-01-08,2017,3442,1610612746,400975344,4,6,39,1,"Tip Layup Shot","2PT Field Goal",0,"Atlanta Hawks",0,-6,0,0.00,,0.00,0.00
"DeAndre Jordan","LA Clippers",2018-01-08,2017,3442,1610612746,400975344,3,7,14,0,"Tip Layup Shot","2PT Field Goal",1,"Atlanta Hawks",-8,8,0,0.00,,0.00,0.00
"DeAndre Jordan","LA Clippers",2018-02-09,2017,3442,1610612746,400975563,3,4,55,0,"Tip Layup Shot","2PT Field Goal",0,"Detroit Pistons",0,-6,0,0.00,,0.00,0.00
"DeAndre Jordan","LA Clippers",2017-11-30,2017,3442,1610612746,400975068,4,6,33,0,"Tip Layup Shot","2PT Field Goal",0,"Utah Jazz",0,-6,0,0.00,,0.00,0.00
"DeAndre Jordan","LA Clippers",2018-02-09,2017,3442,1610612746,400975563,1,11,35,0,"Tip Layup Shot","2PT Field Goal",0,"Detroit Pistons",0,-6,0,0.00,,0.00,0.00
"DeAndre Jordan","LA Clippers",2017-12-16,2017,3442,1610612746,400975183,3,8,16,1,"Tip Layup Shot","2PT Field Goal",0,"Miami Heat",0,-6,0,0.00,,0.00,0.00
"DeAndre Jordan","LA Clippers",2017-10-24,2017,3442,1610612746,400974805,2,1,00,1,"Tip Layup Shot","2PT Field Goal",0,"Utah Jazz",0,-6,0,0.00,,0.00,0.00
"DeAndre Jordan","LA Clippers",2017-10-24,2017,3442,1610612746,400974805,1,9,57,1,"Tip Layup Shot","2PT Field Goal",0,"Utah Jazz",0,-6,0,0.00,,0.00,0.00
"DeAndre Jordan","LA Clippers",2018-01-26,2017,3442,1610612746,400975464,4,4,48,1,"Tip Layup Shot","2PT Field Goal",0,"Memphis Grizzlies",0,-6,0,0.00,,0.00,0.00
"DeAndre Jordan","LA Clippers",2017-11-17,2017,3442,1610612746,400974971,5,2,08,1,"Tip Layup Shot","2PT Field Goal",2,"Cleveland Cavaliers",-6,21,0,0.00,,0.00,0.00
"DeAndre Jordan","LA Clippers",2017-10-30,2017,3442,1610612746,400974851,3,10,47,0,"Tip Layup Shot","2PT Field Goal",0,"Golden State Warriors",0,-6,0,0.00,,0.00,0.00
"DeAndre Jordan","LA Clippers",2018-01-30,2017,3442,1610612746,400975498,1,3,08,0,"Tip Layup Shot","2PT Field Goal",0,"Portland Trail Blazers",0,-6,0,0.00,,0.00,0.00
"DeAndre Jordan","LA Clippers",2018-03-21,2017,3442,1610612746,0,1,0,44,1,"Tip Layup Shot","2PT Field Goal",0,"Milwaukee Bucks",0,-6,0,0.00,,0.00,0.00
"DeAndre Jordan","LA Clippers",2018-03-25,2017,3442,1610612746,400975843,4,3,03,0,"Tip Layup Shot","2PT Field Goal",0,"Toronto Raptors",0,-6,0,0.00,,0.00,0.00
"DeAndre Jordan","LA Clippers",2018-03-21,2017,3442,1610612746,0,1,6,45,1,"Tip Layup Shot","2PT Field Goal",0,"Milwaukee Bucks",0,-6,0,0.00,,0.00,0.00
"DeAndre Jordan","LA Clippers",2018-03-02,2017,3442,1610612746,400975681,1,5,43,1,"Tip Layup Shot","2PT Field Goal",0,"New York Knicks",0,-6,0,0.00,,0.00,0.00
"DeAndre Jordan","LA Clippers",2018-03-28,2017,3442,1610612746,400975868,2,0,32,1,"Tip Layup Shot","2PT Field Goal",0,"Phoenix Suns",0,-6,0,0.00,,0.00,0.00
"DeAndre Jordan","LA Clippers",2017-12-13,2017,3442,1610612746,400975156,3,5,16,0,"Tip Layup Shot","2PT Field Goal",0,"Orlando Magic",0,-6,0,0.00,,0.00,0.00
"DeAndre Jordan","LA Clippers",2018-01-08,2017,3442,1610612746,400975344,4,7,54,1,"Turnaround Bank Hook Shot","2PT Field Goal",4,"Atlanta Hawks",32,32,0,0.00,,0.00,0.00
"DeAndre Jordan","LA Clippers",2018-04-09,2017,3442,1610612746,400975958,1,1,35,0,"Turnaround Hook Shot","2PT Field Goal",3,"New Orleans Pelicans",29,11,0,0.00,,0.00,0.00
"DeAndre Jordan","LA Clippers",2017-12-09,2017,3442,1610612746,400975126,3,3,08,0,"Turnaround Hook Shot","2PT Field Goal",4,"Washington Wizards",13,46,0,0.00,,0.00,0.00
"DeAndre Jordan","LA Clippers",2017-11-17,2017,3442,1610612746,400974971,1,8,00,1,"Turnaround Hook Shot","2PT Field Goal",7,"Cleveland Cavaliers",-67,31,0,0.00,,0.00,0.00
"DeAndre Jordan","LA Clippers",2017-11-17,2017,3442,1610612746,400974971,1,9,29,1,"Turnaround Hook Shot","2PT Field Goal",5,"Cleveland Cavaliers",35,43,0,0.00,,0.00,0.00
"DeAndre Jordan","LA Clippers",2018-01-26,2017,3442,1610612746,400975464,1,9,40,0,"Turnaround Hook Shot","2PT Field Goal",4,"Memphis Grizzlies",43,18,0,0.00,,0.00,0.00
"DeAndre Jordan","LA Clippers",2018-01-02,2017,3442,1610612746,400975299,1,6,20,0,"Turnaround Hook Shot","2PT Field Goal",6,"Memphis Grizzlies",64,27,0,0.00,,0.00,0.00
"DeAndre Jordan","LA Clippers",2017-10-21,2017,3442,1610612746,400974788,3,10,03,0,"Turnaround Hook Shot","2PT Field Goal",7,"Phoenix Suns",11,78,0,0.00,,0.00,0.00
"DeAndre Jordan","LA Clippers",2018-03-04,2017,3442,1610612746,400975694,1,9,22,1,"Turnaround Hook Shot","2PT Field Goal",2,"Brooklyn Nets",5,25,0,0.00,,0.00,0.00
"DeAndre Jordan","LA Clippers",2018-03-28,2017,3442,1610612746,400975868,1,5,38,0,"Turnaround Hook Shot","2PT Field Goal",1,"Phoenix Suns",-3,10,0,0.00,,0.00,0.00
"DeAndre Jordan","LA Clippers",2017-11-13,2017,3442,1610612746,400974951,1,10,40,1,"Turnaround Hook Shot","2PT Field Goal",4,"Philadelphia 76ers",-16,47,0,0.00,,0.00,0.00
"DeAndre Jordan","LA Clippers",2018-02-10,2017,3442,1610612746,400975574,1,11,28,1,"Turnaround Hook Shot","2PT Field Goal",6,"Philadelphia 76ers",3,69,0,0.00,,0.00,0.00
"DeAndre Jordan","LA Clippers",2018-04-09,2017,3442,1610612746,400975958,3,10,03,0,"Turnaround Hook Shot","2PT Field Goal",4,"New Orleans Pelicans",0,43,0,0.00,,0.00,0.00
"DeAndre Jordan","LA Clippers",2017-12-02,2017,3442,1610612746,400975078,1,10,07,0,"Turnaround Hook Shot","2PT Field Goal",4,"Dallas Mavericks",35,26,0,0.00,,0.00,0.00
"DeAndre Jordan","LA Clippers",2018-02-10,2017,3442,1610612746,400975574,3,11,24,0,"Turnaround Hook Shot","2PT Field Goal",9,"Philadelphia 76ers",83,42,0,0.00,,0.00,0.00
